Sample in Buffer,Sample in Window,TRIGGER,design_1_i/system_ila_0/U0/net_slot_0_axis_tdata[15:0],design_1_i/system_ila_0/U0/net_slot_0_axis_tvalid,design_1_i/system_ila_0/U0/net_slot_0_axis_tready,design_1_i/system_ila_0/U0/net_slot_0_axis_tlast,design_1_i/system_ila_0/U0/net_slot_1_axis_tdata[15:0],design_1_i/system_ila_0/U0/net_slot_1_axis_tkeep[1:0],design_1_i/system_ila_0/U0/net_slot_1_axis_tvalid,design_1_i/system_ila_0/U0/net_slot_1_axis_tready,design_1_i/system_ila_0/U0/net_slot_1_axis_tlast,Interface_(i1:s0)_(AXI_wrap_0_M_AXIS)[2:0],Interface_(i1:s1)_(axi_dma_0_M_AXIS_MM2S)[2:0],T_Channel_(i1:s0)_(AXI_wrap_0_M_AXIS)[2:0],T_Channel_(i1:s1)_(axi_dma_0_M_AXIS_MM2S)[2:0]
0,0,0,0,0,1,0,0,0,0,1,0,"_","_","_","_"
1,1,0,0,0,1,0,0,0,0,1,0,"_","_","_","_"
2,2,0,0,0,1,0,0,0,0,1,0,"_","_","_","_"
3,3,0,0,0,1,0,0,0,0,1,0,"_","_","_","_"
4,4,0,0,0,1,0,0,0,0,1,0,"_","_","_","_"
5,5,1,0,0,1,0,38266,3,1,1,0,"_","Active","_","Stream Beat"
6,6,0,0,0,1,0,42326,3,1,1,0,"_","Active","_","Stream Beat"
7,7,0,0,0,1,0,36690,3,1,1,0,"_","Active","_","Stream Beat"
8,8,0,0,0,1,0,36690,3,1,1,0,"_","Active","_","Stream Beat"
9,9,0,0,0,1,0,42326,3,1,1,0,"_","Active","_","Stream Beat"
10,10,0,0,0,1,0,38266,3,1,1,0,"_","Active","_","Stream Beat"
11,11,0,0,0,1,0,37056,3,1,1,0,"_","Active","_","Stream Beat"
12,12,0,0,0,1,0,37951,3,1,1,0,"_","Active","_","Stream Beat"
13,13,0,0,0,1,0,37430,3,1,1,0,"_","Active","_","Stream Beat"
14,14,0,0,0,1,0,39466,3,1,1,0,"_","Active","_","Stream Beat"
15,15,0,0,0,1,0,25997,3,1,1,0,"_","Active","_","Stream Beat"
16,16,0,0,0,1,0,22538,3,1,1,0,"_","Active","_","Stream Beat"
17,17,0,0,0,1,0,22211,3,1,1,0,"_","Active","_","Stream Beat"
18,18,0,0,0,1,0,20977,3,1,1,0,"_","Active","_","Stream Beat"
19,19,0,0,0,1,0,24040,3,1,1,0,"_","Active","_","Stream Beat"
20,20,0,0,0,1,0,27761,3,1,1,0,"_","Active","_","Stream Beat"
21,21,0,0,0,1,0,22030,3,1,1,0,"_","Active","_","Stream Beat"
22,22,0,0,0,1,0,12045,3,1,1,0,"_","Active","_","Stream Beat"
23,23,0,0,0,1,0,28830,3,1,1,0,"_","Active","_","Stream Beat"
24,24,0,0,0,1,0,24393,3,1,1,0,"_","Active","_","Stream Beat"
25,25,0,0,0,1,0,28067,3,1,1,0,"_","Active","_","Stream Beat"
26,26,0,0,0,1,0,30450,3,1,1,0,"_","Active","_","Stream Beat"
27,27,0,0,0,1,0,25793,3,1,1,0,"_","Active","_","Stream Beat"
28,28,0,0,0,1,0,28291,3,1,1,0,"_","Active","_","Stream Beat"
29,29,0,0,0,1,0,35103,3,1,1,0,"_","Active","_","Stream Beat"
30,30,0,0,0,1,0,35117,3,1,1,0,"_","Active","_","Stream Beat"
31,31,0,0,0,1,0,28746,3,1,1,0,"_","Active","_","Stream Beat"
32,32,0,0,0,1,0,26007,3,1,1,0,"_","Active","_","Stream Beat"
33,33,0,0,0,1,0,26868,3,1,1,0,"_","Active","_","Stream Beat"
34,34,0,0,0,1,0,24122,3,1,1,0,"_","Active","_","Stream Beat"
35,35,0,0,0,1,0,30363,3,1,1,0,"_","Active","_","Stream Beat"
36,36,0,0,0,1,0,27687,3,1,1,0,"_","Active","_","Stream Beat"
37,37,0,0,0,1,0,34895,3,1,1,0,"_","Active","_","Stream Beat"
38,38,0,0,0,1,0,29218,3,1,1,0,"_","Active","_","Stream Beat"
39,39,0,0,0,1,0,27089,3,1,1,0,"_","Active","_","Stream Beat"
40,40,0,0,0,1,0,32048,3,1,1,0,"_","Active","_","Stream Beat"
41,41,0,0,0,1,0,31032,3,1,1,0,"_","Active","_","Stream Beat"
42,42,0,0,0,1,0,28041,3,1,1,0,"_","Active","_","Stream Beat"
43,43,0,0,0,1,0,28446,3,1,1,0,"_","Active","_","Stream Beat"
44,44,0,0,0,1,0,33016,3,1,1,0,"_","Active","_","Stream Beat"
45,45,0,0,0,1,0,23390,3,1,1,0,"_","Active","_","Stream Beat"
46,46,0,0,0,1,0,28578,3,1,1,0,"_","Active","_","Stream Beat"
47,47,0,0,0,1,0,23459,3,1,1,0,"_","Active","_","Stream Beat"
48,48,0,0,0,1,0,25523,3,1,1,0,"_","Active","_","Stream Beat"
49,49,0,0,0,1,0,27699,3,1,1,0,"_","Active","_","Stream Beat"
50,50,0,0,0,1,0,34882,3,1,1,0,"_","Active","_","Stream Beat"
51,51,0,0,0,1,0,34003,3,1,1,0,"_","Active","_","Stream Beat"
52,52,0,0,0,1,0,43568,3,1,1,0,"_","Active","_","Stream Beat"
53,53,0,0,0,1,0,36252,3,1,1,0,"_","Active","_","Stream Beat"
54,54,0,0,0,1,0,36949,3,1,1,0,"_","Active","_","Stream Beat"
55,55,0,0,0,1,0,34750,3,1,1,0,"_","Active","_","Stream Beat"
56,56,0,0,0,1,0,31701,3,1,1,0,"_","Active","_","Stream Beat"
57,57,0,0,0,1,0,31565,3,1,1,0,"_","Active","_","Stream Beat"
58,58,0,0,0,1,0,31665,3,1,1,0,"_","Active","_","Stream Beat"
59,59,0,0,0,1,0,36017,3,1,1,0,"_","Active","_","Stream Beat"
60,60,0,0,0,1,0,51789,3,1,1,0,"_","Active","_","Stream Beat"
61,61,0,0,0,1,0,54851,3,1,1,0,"_","Active","_","Stream Beat"
62,62,0,0,0,1,0,23921,3,1,1,0,"_","Active","_","Stream Beat"
63,63,0,0,0,1,0,23826,3,1,1,0,"_","Active","_","Stream Beat"
64,64,0,0,0,1,0,28004,3,1,1,0,"_","Active","_","Stream Beat"
65,65,0,0,0,1,0,29142,3,1,1,0,"_","Active","_","Stream Beat"
66,66,0,0,0,1,0,31378,3,1,1,0,"_","Active","_","Stream Beat"
67,67,0,0,0,1,0,27105,3,1,1,0,"_","Active","_","Stream Beat"
68,68,0,0,0,1,0,30864,3,1,1,0,"_","Active","_","Stream Beat"
69,69,0,0,0,1,0,23132,3,1,1,0,"_","Active","_","Stream Beat"
70,70,0,0,0,1,0,2950,3,1,1,0,"_","Active","_","Stream Beat"
71,71,0,0,0,1,0,4165,3,1,1,0,"_","Active","_","Stream Beat"
72,72,0,0,0,1,0,4165,3,1,1,0,"_","Active","_","Stream Beat"
73,73,0,0,0,1,0,2950,3,1,1,0,"_","Active","_","Stream Beat"
74,74,0,0,0,1,0,23132,3,1,1,0,"_","Active","_","Stream Beat"
75,75,0,0,0,1,0,37257,3,1,1,0,"_","Active","_","Stream Beat"
76,76,0,0,0,1,0,32356,3,1,1,0,"_","Active","_","Stream Beat"
77,77,0,0,0,1,0,36774,3,1,1,0,"_","Active","_","Stream Beat"
78,78,0,0,0,1,0,36774,3,1,1,0,"_","Active","_","Stream Beat"
79,79,0,0,0,1,0,32356,3,1,1,0,"_","Active","_","Stream Beat"
80,80,0,0,0,1,0,37257,3,1,1,0,"_","Active","_","Stream Beat"
81,81,0,0,0,1,0,37466,3,1,1,0,"_","Active","_","Stream Beat"
82,82,0,0,0,1,0,42946,3,1,1,0,"_","Active","_","Stream Beat"
83,83,0,0,0,1,0,35922,3,1,1,0,"_","Active","_","Stream Beat"
84,84,0,0,0,1,0,30965,3,1,1,0,"_","Active","_","Stream Beat"
85,85,0,0,0,1,0,27712,3,1,1,0,"_","Active","_","Stream Beat"
86,86,0,0,0,1,0,17559,3,1,1,0,"_","Active","_","Stream Beat"
87,87,0,0,0,1,0,27426,3,1,1,0,"_","Active","_","Stream Beat"
88,88,0,0,0,1,0,22882,3,1,1,0,"_","Active","_","Stream Beat"
89,89,0,0,0,1,0,20395,3,1,1,0,"_","Active","_","Stream Beat"
90,90,0,0,0,1,0,18434,3,1,1,0,"_","Active","_","Stream Beat"
91,91,0,0,0,1,0,25784,3,1,1,0,"_","Active","_","Stream Beat"
92,92,0,0,0,1,0,24685,3,1,1,0,"_","Active","_","Stream Beat"
93,93,0,0,0,1,0,23394,3,1,1,0,"_","Active","_","Stream Beat"
94,94,0,0,0,1,0,31131,3,1,1,0,"_","Active","_","Stream Beat"
95,95,0,0,0,1,0,29807,3,1,1,0,"_","Active","_","Stream Beat"
96,96,0,0,0,1,0,21898,3,1,1,0,"_","Active","_","Stream Beat"
97,97,0,0,0,1,0,30508,3,1,1,0,"_","Active","_","Stream Beat"
98,98,0,0,0,1,0,34420,3,1,1,0,"_","Active","_","Stream Beat"
99,99,0,0,0,1,0,27090,3,1,1,0,"_","Active","_","Stream Beat"
100,100,0,0,0,1,0,29429,3,1,1,0,"_","Active","_","Stream Beat"
101,101,0,0,0,1,0,25563,3,1,1,0,"_","Active","_","Stream Beat"
102,102,0,0,0,1,0,26225,3,1,1,0,"_","Active","_","Stream Beat"
103,103,0,0,0,1,0,32746,3,1,1,0,"_","Active","_","Stream Beat"
104,104,0,0,0,1,0,26947,3,1,1,0,"_","Active","_","Stream Beat"
105,105,0,0,0,1,0,32716,3,1,1,0,"_","Active","_","Stream Beat"
106,106,0,0,0,1,0,23195,3,1,1,0,"_","Active","_","Stream Beat"
107,107,0,0,0,1,0,25851,3,1,1,0,"_","Active","_","Stream Beat"
108,108,0,0,0,1,0,34321,3,1,1,0,"_","Active","_","Stream Beat"
109,109,0,0,0,1,0,33468,3,1,1,0,"_","Active","_","Stream Beat"
110,110,0,0,0,1,0,31318,3,1,1,0,"_","Active","_","Stream Beat"
111,111,0,0,0,1,0,27601,3,1,1,0,"_","Active","_","Stream Beat"
112,112,0,0,0,1,0,35891,3,1,1,0,"_","Active","_","Stream Beat"
113,113,0,0,0,1,0,33203,3,1,1,0,"_","Active","_","Stream Beat"
114,114,0,0,0,1,0,23807,3,1,1,0,"_","Active","_","Stream Beat"
115,115,0,0,0,1,0,25317,3,1,1,0,"_","Active","_","Stream Beat"
116,116,0,0,0,1,0,32718,3,1,1,0,"_","Active","_","Stream Beat"
117,117,0,0,0,1,0,21690,3,1,1,0,"_","Active","_","Stream Beat"
118,118,0,0,0,1,0,20623,3,1,1,0,"_","Active","_","Stream Beat"
119,119,0,0,0,1,0,35728,3,1,1,0,"_","Active","_","Stream Beat"
120,120,0,0,0,1,0,30111,3,1,1,0,"_","Active","_","Stream Beat"
121,121,0,0,0,1,0,35153,3,1,1,0,"_","Active","_","Stream Beat"
122,122,0,0,0,1,0,40813,3,1,1,0,"_","Active","_","Stream Beat"
123,123,0,0,0,1,0,44190,3,1,1,0,"_","Active","_","Stream Beat"
124,124,0,0,0,1,0,32758,3,1,1,0,"_","Active","_","Stream Beat"
125,125,0,0,0,1,0,32683,3,1,1,0,"_","Active","_","Stream Beat"
126,126,0,0,0,1,0,33380,3,1,1,0,"_","Active","_","Stream Beat"
127,127,0,0,0,1,0,32376,3,1,1,0,"_","Active","_","Stream Beat"
128,128,0,0,0,1,0,40815,3,1,1,0,"_","Active","_","Stream Beat"
129,129,0,0,0,1,0,48061,3,1,1,0,"_","Active","_","Stream Beat"
130,130,0,0,0,1,0,45413,3,1,1,0,"_","Active","_","Stream Beat"
131,131,0,0,0,1,0,25334,3,1,1,0,"_","Active","_","Stream Beat"
132,132,0,0,0,1,0,25948,3,1,1,0,"_","Active","_","Stream Beat"
133,133,0,0,0,1,0,23664,3,1,1,0,"_","Active","_","Stream Beat"
134,134,0,0,0,1,0,25777,3,1,1,0,"_","Active","_","Stream Beat"
135,135,0,0,0,1,0,26663,3,1,1,0,"_","Active","_","Stream Beat"
136,136,0,0,0,1,0,36556,3,1,1,0,"_","Active","_","Stream Beat"
137,137,0,0,0,1,0,32467,3,1,1,0,"_","Active","_","Stream Beat"
138,138,0,0,0,1,0,27730,3,1,1,0,"_","Active","_","Stream Beat"
139,139,0,0,0,1,0,27926,3,1,1,0,"_","Active","_","Stream Beat"
140,140,0,0,0,1,0,21869,3,1,1,0,"_","Active","_","Stream Beat"
141,141,0,0,0,1,0,5373,3,1,1,0,"_","Active","_","Stream Beat"
142,142,0,0,0,1,0,5373,3,1,1,0,"_","Active","_","Stream Beat"
143,143,0,0,0,1,0,21869,3,1,1,0,"_","Active","_","Stream Beat"
144,144,0,0,0,1,0,27926,3,1,1,0,"_","Active","_","Stream Beat"
145,145,0,0,0,1,0,38112,3,1,1,0,"_","Active","_","Stream Beat"
146,146,0,0,0,1,0,36004,3,1,1,0,"_","Active","_","Stream Beat"
147,147,0,0,0,1,0,31849,3,1,1,0,"_","Active","_","Stream Beat"
148,148,0,0,0,1,0,31849,3,1,1,0,"_","Active","_","Stream Beat"
149,149,0,0,0,1,0,36004,3,1,1,0,"_","Active","_","Stream Beat"
150,150,0,0,0,1,0,38112,3,1,1,0,"_","Active","_","Stream Beat"
151,151,0,0,0,1,0,33633,3,1,1,0,"_","Active","_","Stream Beat"
152,152,0,0,0,1,0,38962,3,1,1,0,"_","Active","_","Stream Beat"
153,153,0,0,0,1,0,42629,3,1,1,0,"_","Active","_","Stream Beat"
154,154,0,0,0,1,0,47699,3,1,1,0,"_","Active","_","Stream Beat"
155,155,0,0,0,1,0,26644,3,1,1,0,"_","Active","_","Stream Beat"
156,156,0,0,0,1,0,25015,3,1,1,0,"_","Active","_","Stream Beat"
157,157,0,0,0,1,0,24525,3,1,1,0,"_","Active","_","Stream Beat"
158,158,0,0,0,1,0,19248,3,1,1,0,"_","Active","_","Stream Beat"
159,159,0,0,0,1,0,22856,3,1,1,0,"_","Active","_","Stream Beat"
160,160,0,0,0,1,0,22373,3,1,1,0,"_","Active","_","Stream Beat"
161,161,0,0,0,1,0,23346,3,1,1,0,"_","Active","_","Stream Beat"
162,162,0,0,0,1,0,22002,3,1,1,0,"_","Active","_","Stream Beat"
163,163,0,0,0,1,0,34071,3,1,1,0,"_","Active","_","Stream Beat"
164,164,0,0,0,1,0,27779,3,1,1,0,"_","Active","_","Stream Beat"
165,165,0,0,0,1,0,33286,3,1,1,0,"_","Active","_","Stream Beat"
166,166,0,0,0,1,0,28385,3,1,1,0,"_","Active","_","Stream Beat"
167,167,0,0,0,1,0,25186,3,1,1,0,"_","Active","_","Stream Beat"
168,168,0,0,0,1,0,27083,3,1,1,0,"_","Active","_","Stream Beat"
169,169,0,0,0,1,0,34734,3,1,1,0,"_","Active","_","Stream Beat"
170,170,0,0,0,1,0,39070,3,1,1,0,"_","Active","_","Stream Beat"
171,171,0,0,0,1,0,32174,3,1,1,0,"_","Active","_","Stream Beat"
172,172,0,0,0,1,0,23785,3,1,1,0,"_","Active","_","Stream Beat"
173,173,0,0,0,1,0,34695,3,1,1,0,"_","Active","_","Stream Beat"
174,174,0,0,0,1,0,33796,3,1,1,0,"_","Active","_","Stream Beat"
175,175,0,0,0,1,0,27169,3,1,1,0,"_","Active","_","Stream Beat"
176,176,0,0,0,1,0,35952,3,1,1,0,"_","Active","_","Stream Beat"
177,177,0,0,0,1,0,29381,3,1,1,0,"_","Active","_","Stream Beat"
178,178,0,0,0,1,0,24297,3,1,1,0,"_","Active","_","Stream Beat"
179,179,0,0,0,1,0,30639,3,1,1,0,"_","Active","_","Stream Beat"
180,180,0,0,0,1,0,34749,3,1,1,0,"_","Active","_","Stream Beat"
181,181,0,0,0,1,0,30201,3,1,1,0,"_","Active","_","Stream Beat"
182,182,0,0,0,1,0,38137,3,1,1,0,"_","Active","_","Stream Beat"
183,183,0,0,0,1,0,27881,3,1,1,0,"_","Active","_","Stream Beat"
184,184,0,0,0,1,0,28537,3,1,1,0,"_","Active","_","Stream Beat"
185,185,0,0,0,1,0,25035,3,1,1,0,"_","Active","_","Stream Beat"
186,186,0,0,0,1,0,25066,3,1,1,0,"_","Active","_","Stream Beat"
187,187,0,0,0,1,0,17521,3,1,1,0,"_","Active","_","Stream Beat"
188,188,0,0,0,1,0,27522,3,1,1,0,"_","Active","_","Stream Beat"
189,189,0,0,0,1,0,31143,3,1,1,0,"_","Active","_","Stream Beat"
190,190,0,0,0,1,0,35742,3,1,1,0,"_","Active","_","Stream Beat"
191,191,0,0,0,1,0,28680,3,1,1,0,"_","Active","_","Stream Beat"
192,192,0,0,0,1,0,34897,3,1,1,0,"_","Active","_","Stream Beat"
193,193,0,0,0,1,0,30134,3,1,1,0,"_","Active","_","Stream Beat"
194,194,0,0,0,1,0,36909,3,1,1,0,"_","Active","_","Stream Beat"
195,195,0,0,0,1,0,39836,3,1,1,0,"_","Active","_","Stream Beat"
196,196,0,0,0,1,0,37731,3,1,1,0,"_","Active","_","Stream Beat"
197,197,0,0,0,1,0,38916,3,1,1,0,"_","Active","_","Stream Beat"
198,198,0,0,0,1,0,35329,3,1,1,0,"_","Active","_","Stream Beat"
199,199,0,0,0,1,0,58581,3,1,1,0,"_","Active","_","Stream Beat"
200,200,0,0,0,1,0,48729,3,1,1,0,"_","Active","_","Stream Beat"
201,201,0,0,0,1,0,26854,3,1,1,0,"_","Active","_","Stream Beat"
202,202,0,0,0,1,0,28597,3,1,1,0,"_","Active","_","Stream Beat"
203,203,0,0,0,1,0,34227,3,1,1,0,"_","Active","_","Stream Beat"
204,204,0,0,0,1,0,28726,3,1,1,0,"_","Active","_","Stream Beat"
205,205,0,0,0,1,0,18377,3,1,1,0,"_","Active","_","Stream Beat"
206,206,0,0,0,1,0,20330,3,1,1,0,"_","Active","_","Stream Beat"
207,207,0,0,0,1,0,27254,3,1,1,0,"_","Active","_","Stream Beat"
208,208,0,0,0,1,0,22404,3,1,1,0,"_","Active","_","Stream Beat"
209,209,0,0,0,1,0,25011,3,1,1,0,"_","Active","_","Stream Beat"
210,210,0,0,0,1,0,36902,3,1,1,0,"_","Active","_","Stream Beat"
211,211,0,0,0,1,0,26843,3,1,1,0,"_","Active","_","Stream Beat"
212,212,0,0,0,1,0,26843,3,1,1,0,"_","Active","_","Stream Beat"
213,213,0,0,0,1,0,36902,3,1,1,0,"_","Active","_","Stream Beat"
214,214,0,0,0,1,0,25011,3,1,1,0,"_","Active","_","Stream Beat"
215,215,0,0,0,1,0,38112,3,1,1,0,"_","Active","_","Stream Beat"
216,216,0,0,0,1,0,36004,3,1,1,0,"_","Active","_","Stream Beat"
217,217,0,0,0,1,0,31849,3,1,1,0,"_","Active","_","Stream Beat"
218,218,0,0,0,1,0,31849,3,1,1,0,"_","Active","_","Stream Beat"
219,219,0,0,0,1,0,36004,3,1,1,0,"_","Active","_","Stream Beat"
220,220,0,0,0,1,0,38112,3,1,1,0,"_","Active","_","Stream Beat"
221,221,0,0,0,1,0,33633,3,1,1,0,"_","Active","_","Stream Beat"
222,222,0,0,0,1,0,38962,3,1,1,0,"_","Active","_","Stream Beat"
223,223,0,0,0,1,0,42629,3,1,1,0,"_","Active","_","Stream Beat"
224,224,0,0,0,1,0,47699,3,1,1,0,"_","Active","_","Stream Beat"
225,225,0,0,0,1,0,26644,3,1,1,0,"_","Active","_","Stream Beat"
226,226,0,0,0,1,0,25015,3,1,1,0,"_","Active","_","Stream Beat"
227,227,0,0,0,1,0,24525,3,1,1,0,"_","Active","_","Stream Beat"
228,228,0,0,0,1,0,19248,3,1,1,0,"_","Active","_","Stream Beat"
229,229,0,0,0,1,0,22856,3,1,1,0,"_","Active","_","Stream Beat"
230,230,0,0,0,1,0,22373,3,1,1,0,"_","Active","_","Stream Beat"
231,231,0,0,0,1,0,23346,3,1,1,0,"_","Active","_","Stream Beat"
232,232,0,0,0,1,0,22002,3,1,1,0,"_","Active","_","Stream Beat"
233,233,0,0,0,1,0,34071,3,1,1,0,"_","Active","_","Stream Beat"
234,234,0,0,0,1,0,27779,3,1,1,0,"_","Active","_","Stream Beat"
235,235,0,0,0,1,0,33286,3,1,1,0,"_","Active","_","Stream Beat"
236,236,0,0,0,1,0,28385,3,1,1,0,"_","Active","_","Stream Beat"
237,237,0,0,0,1,0,25186,3,1,1,0,"_","Active","_","Stream Beat"
238,238,0,0,0,1,0,27083,3,1,1,0,"_","Active","_","Stream Beat"
239,239,0,0,0,1,0,34734,3,1,1,0,"_","Active","_","Stream Beat"
240,240,0,0,0,1,0,39070,3,1,1,0,"_","Active","_","Stream Beat"
241,241,0,0,0,1,0,32174,3,1,1,0,"_","Active","_","Stream Beat"
242,242,0,0,0,1,0,23785,3,1,1,0,"_","Active","_","Stream Beat"
243,243,0,0,0,1,0,34695,3,1,1,0,"_","Active","_","Stream Beat"
244,244,0,0,0,1,0,33796,3,1,1,0,"_","Active","_","Stream Beat"
245,245,0,0,0,1,0,27169,3,1,1,0,"_","Active","_","Stream Beat"
246,246,0,0,0,1,0,35952,3,1,1,0,"_","Active","_","Stream Beat"
247,247,0,0,0,1,0,29381,3,1,1,0,"_","Active","_","Stream Beat"
248,248,0,0,0,1,0,24297,3,1,1,0,"_","Active","_","Stream Beat"
249,249,0,0,0,1,0,30639,3,1,1,0,"_","Active","_","Stream Beat"
250,250,0,0,0,1,0,34749,3,1,1,0,"_","Active","_","Stream Beat"
251,251,0,0,0,1,0,30201,3,1,1,0,"_","Active","_","Stream Beat"
252,252,0,0,0,1,0,38137,3,1,1,0,"_","Active","_","Stream Beat"
253,253,0,0,0,1,0,27881,3,1,1,0,"_","Active","_","Stream Beat"
254,254,0,0,0,1,0,28537,3,1,1,0,"_","Active","_","Stream Beat"
255,255,0,0,0,1,0,25035,3,1,1,0,"_","Active","_","Stream Beat"
256,256,0,0,0,1,0,25066,3,1,1,0,"_","Active","_","Stream Beat"
257,257,0,0,0,1,0,17521,3,1,1,0,"_","Active","_","Stream Beat"
258,258,0,0,0,1,0,27522,3,1,1,0,"_","Active","_","Stream Beat"
259,259,0,0,0,1,0,31143,3,1,1,0,"_","Active","_","Stream Beat"
260,260,0,0,0,1,0,35742,3,1,1,0,"_","Active","_","Stream Beat"
261,261,0,0,0,1,0,28680,3,1,1,0,"_","Active","_","Stream Beat"
262,262,0,0,0,1,0,34897,3,1,1,0,"_","Active","_","Stream Beat"
263,263,0,0,0,1,0,30134,3,1,1,0,"_","Active","_","Stream Beat"
264,264,0,0,0,1,0,36909,3,1,1,0,"_","Active","_","Stream Beat"
265,265,0,0,0,1,0,39836,3,1,1,0,"_","Active","_","Stream Beat"
266,266,0,0,0,1,0,37731,3,1,1,0,"_","Active","_","Stream Beat"
267,267,0,0,0,1,0,38916,3,1,1,0,"_","Active","_","Stream Beat"
268,268,0,0,0,1,0,35329,3,1,1,0,"_","Active","_","Stream Beat"
269,269,0,0,0,1,0,58581,3,1,1,0,"_","Active","_","Stream Beat"
270,270,0,0,0,1,0,48729,3,1,1,0,"_","Active","_","Stream Beat"
271,271,0,0,0,1,0,26854,3,1,1,0,"_","Active","_","Stream Beat"
272,272,0,0,0,1,0,28597,3,1,1,0,"_","Active","_","Stream Beat"
273,273,0,0,0,1,0,34227,3,1,1,0,"_","Active","_","Stream Beat"
274,274,0,0,0,1,0,28726,3,1,1,0,"_","Active","_","Stream Beat"
275,275,0,0,0,1,0,18377,3,1,1,0,"_","Active","_","Stream Beat"
276,276,0,0,0,1,0,20330,3,1,1,0,"_","Active","_","Stream Beat"
277,277,0,0,0,1,0,27254,3,1,1,0,"_","Active","_","Stream Beat"
278,278,0,0,0,1,0,22404,3,1,1,0,"_","Active","_","Stream Beat"
279,279,0,0,0,1,0,25011,3,1,1,0,"_","Active","_","Stream Beat"
280,280,0,0,0,1,0,36902,3,1,1,0,"_","Active","_","Stream Beat"
281,281,0,0,0,1,0,26843,3,1,1,0,"_","Active","_","Stream Beat"
282,282,0,0,0,1,0,26843,3,1,1,0,"_","Active","_","Stream Beat"
283,283,0,0,0,1,0,36902,3,1,1,0,"_","Active","_","Stream Beat"
284,284,0,0,0,1,0,25011,3,1,1,0,"_","Active","_","Stream Beat"
285,285,0,0,0,1,0,37257,3,1,1,0,"_","Active","_","Stream Beat"
286,286,0,0,0,1,0,32356,3,1,1,0,"_","Active","_","Stream Beat"
287,287,0,0,0,1,0,36774,3,1,1,0,"_","Active","_","Stream Beat"
288,288,0,0,0,1,0,36774,3,1,1,0,"_","Active","_","Stream Beat"
289,289,0,0,0,1,0,32356,3,1,1,0,"_","Active","_","Stream Beat"
290,290,0,0,0,1,0,37257,3,1,1,0,"_","Active","_","Stream Beat"
291,291,0,0,0,1,0,37466,3,1,1,0,"_","Active","_","Stream Beat"
292,292,0,0,0,1,0,42946,3,1,1,0,"_","Active","_","Stream Beat"
293,293,0,0,0,1,0,35922,3,1,1,0,"_","Active","_","Stream Beat"
294,294,0,0,0,1,0,30965,3,1,1,0,"_","Active","_","Stream Beat"
295,295,0,0,0,1,0,27712,3,1,1,0,"_","Active","_","Stream Beat"
296,296,0,0,0,1,0,17559,3,1,1,0,"_","Active","_","Stream Beat"
297,297,0,0,0,1,0,27426,3,1,1,0,"_","Active","_","Stream Beat"
298,298,0,0,0,1,0,22882,3,1,1,0,"_","Active","_","Stream Beat"
299,299,0,0,0,1,0,20395,3,1,1,0,"_","Active","_","Stream Beat"
300,300,0,0,0,1,0,18434,3,1,1,0,"_","Active","_","Stream Beat"
301,301,0,0,0,1,0,25784,3,1,1,0,"_","Active","_","Stream Beat"
302,302,0,0,0,1,0,24685,3,1,1,0,"_","Active","_","Stream Beat"
303,303,0,0,0,1,0,23394,3,1,1,0,"_","Active","_","Stream Beat"
304,304,0,0,0,1,0,31131,3,1,1,0,"_","Active","_","Stream Beat"
305,305,0,0,0,1,0,29807,3,1,1,0,"_","Active","_","Stream Beat"
306,306,0,0,0,1,0,21898,3,1,1,0,"_","Active","_","Stream Beat"
307,307,0,0,0,1,0,30508,3,1,1,0,"_","Active","_","Stream Beat"
308,308,0,0,0,1,0,34420,3,1,1,0,"_","Active","_","Stream Beat"
309,309,0,0,0,1,0,27090,3,1,1,0,"_","Active","_","Stream Beat"
310,310,0,0,0,1,0,29429,3,1,1,0,"_","Active","_","Stream Beat"
311,311,0,0,0,1,0,25563,3,1,1,0,"_","Active","_","Stream Beat"
312,312,0,0,0,1,0,26225,3,1,1,0,"_","Active","_","Stream Beat"
313,313,0,0,0,1,0,32746,3,1,1,0,"_","Active","_","Stream Beat"
314,314,0,0,0,1,0,26947,3,1,1,0,"_","Active","_","Stream Beat"
315,315,0,0,0,1,0,32716,3,1,1,0,"_","Active","_","Stream Beat"
316,316,0,0,0,1,0,23195,3,1,1,0,"_","Active","_","Stream Beat"
317,317,0,0,0,1,0,25851,3,1,1,0,"_","Active","_","Stream Beat"
318,318,0,0,0,1,0,34321,3,1,1,0,"_","Active","_","Stream Beat"
319,319,0,0,0,1,0,33468,3,1,1,0,"_","Active","_","Stream Beat"
320,320,0,0,0,1,0,31318,3,1,1,0,"_","Active","_","Stream Beat"
321,321,0,0,0,1,0,27601,3,1,1,0,"_","Active","_","Stream Beat"
322,322,0,0,0,1,0,35891,3,1,1,0,"_","Active","_","Stream Beat"
323,323,0,0,0,1,0,33203,3,1,1,0,"_","Active","_","Stream Beat"
324,324,0,0,0,1,0,23807,3,1,1,0,"_","Active","_","Stream Beat"
325,325,0,0,0,1,0,25317,3,1,1,0,"_","Active","_","Stream Beat"
326,326,0,0,0,1,0,32718,3,1,1,0,"_","Active","_","Stream Beat"
327,327,0,0,0,1,0,21690,3,1,1,0,"_","Active","_","Stream Beat"
328,328,0,0,0,1,0,20623,3,1,1,0,"_","Active","_","Stream Beat"
329,329,0,0,0,1,0,35728,3,1,1,0,"_","Active","_","Stream Beat"
330,330,0,0,0,1,0,30111,3,1,1,0,"_","Active","_","Stream Beat"
331,331,0,0,0,1,0,35153,3,1,1,0,"_","Active","_","Stream Beat"
332,332,0,0,0,1,0,40813,3,1,1,0,"_","Active","_","Stream Beat"
333,333,0,0,0,1,0,44190,3,1,1,0,"_","Active","_","Stream Beat"
334,334,0,0,0,1,0,32758,3,1,1,0,"_","Active","_","Stream Beat"
335,335,0,0,0,1,0,32683,3,1,1,0,"_","Active","_","Stream Beat"
336,336,0,0,0,1,0,33380,3,1,1,0,"_","Active","_","Stream Beat"
337,337,0,0,0,1,0,32376,3,1,1,0,"_","Active","_","Stream Beat"
338,338,0,0,0,1,0,40815,3,1,1,0,"_","Active","_","Stream Beat"
339,339,0,0,0,1,0,48061,3,1,1,0,"_","Active","_","Stream Beat"
340,340,0,0,0,1,0,45413,3,1,1,0,"_","Active","_","Stream Beat"
341,341,0,0,0,1,0,25334,3,1,1,0,"_","Active","_","Stream Beat"
342,342,0,0,0,1,0,25948,3,1,1,0,"_","Active","_","Stream Beat"
343,343,0,0,0,1,0,23664,3,1,1,0,"_","Active","_","Stream Beat"
344,344,0,0,0,1,0,25777,3,1,1,0,"_","Active","_","Stream Beat"
345,345,0,0,0,1,0,26663,3,1,1,0,"_","Active","_","Stream Beat"
346,346,0,0,0,1,0,36556,3,1,1,0,"_","Active","_","Stream Beat"
347,347,0,0,0,1,0,32467,3,1,1,0,"_","Active","_","Stream Beat"
348,348,0,0,0,1,0,27730,3,1,1,0,"_","Active","_","Stream Beat"
349,349,0,0,0,1,0,27926,3,1,1,0,"_","Active","_","Stream Beat"
350,350,0,0,0,1,0,21869,3,1,1,0,"_","Active","_","Stream Beat"
351,351,0,0,0,1,0,5373,3,1,1,0,"_","Active","_","Stream Beat"
352,352,0,0,0,1,0,5373,3,1,1,0,"_","Active","_","Stream Beat"
353,353,0,0,0,1,0,21869,3,1,1,0,"_","Active","_","Stream Beat"
354,354,0,0,0,1,0,27926,3,1,1,0,"_","Active","_","Stream Beat"
355,355,0,0,0,1,0,38266,3,1,1,0,"_","Active","_","Stream Beat"
356,356,0,0,0,1,0,42326,3,1,1,0,"_","Active","_","Stream Beat"
357,357,0,0,0,1,0,36690,3,1,1,0,"_","Active","_","Stream Beat"
358,358,0,0,0,1,0,36690,3,1,1,0,"_","Active","_","Stream Beat"
359,359,0,0,0,1,0,42326,3,1,1,0,"_","Active","_","Stream Beat"
360,360,0,0,0,1,0,38266,3,1,1,0,"_","Active","_","Stream Beat"
361,361,0,0,0,1,0,37056,3,1,1,0,"_","Active","_","Stream Beat"
362,362,0,0,0,1,0,37951,3,1,1,0,"_","Active","_","Stream Beat"
363,363,0,0,0,1,0,37430,3,1,1,0,"_","Active","_","Stream Beat"
364,364,0,0,0,1,0,39466,3,1,1,0,"_","Active","_","Stream Beat"
365,365,0,0,0,1,0,25997,3,1,1,0,"_","Active","_","Stream Beat"
366,366,0,0,0,1,0,22538,3,1,1,0,"_","Active","_","Stream Beat"
367,367,0,0,0,1,0,22211,3,1,1,0,"_","Active","_","Stream Beat"
368,368,0,0,0,1,0,20977,3,1,1,0,"_","Active","_","Stream Beat"
369,369,0,0,0,1,0,24040,3,1,1,0,"_","Active","_","Stream Beat"
370,370,0,0,0,1,0,27761,3,1,1,0,"_","Active","_","Stream Beat"
371,371,0,0,0,1,0,22030,3,1,1,0,"_","Active","_","Stream Beat"
372,372,0,0,0,1,0,12045,3,1,1,0,"_","Active","_","Stream Beat"
373,373,0,0,0,1,0,28830,3,1,1,0,"_","Active","_","Stream Beat"
374,374,0,0,0,1,0,24393,3,1,1,0,"_","Active","_","Stream Beat"
375,375,0,0,0,1,0,28067,3,1,1,0,"_","Active","_","Stream Beat"
376,376,0,0,0,1,0,30450,3,1,1,0,"_","Active","_","Stream Beat"
377,377,0,0,0,1,0,25793,3,1,1,0,"_","Active","_","Stream Beat"
378,378,0,0,0,1,0,28291,3,1,1,0,"_","Active","_","Stream Beat"
379,379,0,0,0,1,0,35103,3,1,1,0,"_","Active","_","Stream Beat"
380,380,0,0,0,1,0,35117,3,1,1,0,"_","Active","_","Stream Beat"
381,381,0,0,0,1,0,28746,3,1,1,0,"_","Active","_","Stream Beat"
382,382,0,0,0,1,0,26007,3,1,1,0,"_","Active","_","Stream Beat"
383,383,0,0,0,1,0,26868,3,1,1,0,"_","Active","_","Stream Beat"
384,384,0,0,0,1,0,24122,3,1,1,0,"_","Active","_","Stream Beat"
385,385,0,0,0,1,0,30363,3,1,1,0,"_","Active","_","Stream Beat"
386,386,0,0,0,1,0,27687,3,1,1,0,"_","Active","_","Stream Beat"
387,387,0,0,0,1,0,34895,3,1,1,0,"_","Active","_","Stream Beat"
388,388,0,0,0,1,0,29218,3,1,1,0,"_","Active","_","Stream Beat"
389,389,0,0,0,1,0,27089,3,1,1,0,"_","Active","_","Stream Beat"
390,390,0,0,0,1,0,32048,3,1,1,0,"_","Active","_","Stream Beat"
391,391,0,0,0,1,0,31032,3,1,1,0,"_","Active","_","Stream Beat"
392,392,0,0,0,1,0,28041,3,1,1,0,"_","Active","_","Stream Beat"
393,393,0,0,0,1,0,28446,3,1,1,0,"_","Active","_","Stream Beat"
394,394,0,0,0,1,0,33016,3,1,1,0,"_","Active","_","Stream Beat"
395,395,0,0,0,1,0,23390,3,1,1,0,"_","Active","_","Stream Beat"
396,396,0,0,0,1,0,28578,3,1,1,0,"_","Active","_","Stream Beat"
397,397,0,0,0,1,0,23459,3,1,1,0,"_","Active","_","Stream Beat"
398,398,0,0,0,1,0,25523,3,1,1,0,"_","Active","_","Stream Beat"
399,399,0,0,0,1,0,27699,3,1,1,0,"_","Active","_","Stream Beat"
400,400,0,0,0,1,0,34882,3,1,1,0,"_","Active","_","Stream Beat"
401,401,0,0,0,1,0,34003,3,1,1,0,"_","Active","_","Stream Beat"
402,402,0,0,0,1,0,43568,3,1,1,0,"_","Active","_","Stream Beat"
403,403,0,0,0,1,0,36252,3,1,1,0,"_","Active","_","Stream Beat"
404,404,0,0,0,1,0,36949,3,1,1,0,"_","Active","_","Stream Beat"
405,405,0,0,0,1,0,34750,3,1,1,0,"_","Active","_","Stream Beat"
406,406,0,0,0,1,0,31701,3,1,1,0,"_","Active","_","Stream Beat"
407,407,0,0,0,1,0,31565,3,1,1,0,"_","Active","_","Stream Beat"
408,408,0,0,0,1,0,31665,3,1,1,0,"_","Active","_","Stream Beat"
409,409,0,0,0,1,0,36017,3,1,1,0,"_","Active","_","Stream Beat"
410,410,0,0,0,1,0,51789,3,1,1,0,"_","Active","_","Stream Beat"
411,411,0,0,0,1,0,54851,3,1,1,0,"_","Active","_","Stream Beat"
412,412,0,0,0,1,0,23921,3,1,1,0,"_","Active","_","Stream Beat"
413,413,0,0,0,1,0,23826,3,1,1,0,"_","Active","_","Stream Beat"
414,414,0,0,0,1,0,28004,3,1,1,0,"_","Active","_","Stream Beat"
415,415,0,0,0,1,0,29142,3,1,1,0,"_","Active","_","Stream Beat"
416,416,0,0,0,1,0,31378,3,1,1,0,"_","Active","_","Stream Beat"
417,417,0,0,0,1,0,27105,3,1,1,0,"_","Active","_","Stream Beat"
418,418,0,0,0,1,0,30864,3,1,1,0,"_","Active","_","Stream Beat"
419,419,0,0,0,1,0,23132,3,1,1,0,"_","Active","_","Stream Beat"
420,420,0,0,0,1,0,2950,3,1,1,0,"_","Active","_","Stream Beat"
421,421,0,0,0,1,0,4165,3,1,1,0,"_","Active","_","Stream Beat"
422,422,0,0,0,1,0,4165,3,1,1,0,"_","Active","_","Stream Beat"
423,423,0,0,0,1,0,2950,3,1,1,0,"_","Active","_","Stream Beat"
424,424,0,0,0,1,0,23132,3,1,1,0,"_","Active","_","Stream Beat"
425,425,0,0,0,1,0,38913,3,1,1,0,"_","Active","_","Stream Beat"
426,426,0,0,0,1,0,39753,3,1,1,0,"_","Active","_","Stream Beat"
427,427,0,0,0,1,0,41499,3,1,1,0,"_","Active","_","Stream Beat"
428,428,0,0,0,1,0,41499,3,1,1,0,"_","Active","_","Stream Beat"
429,429,0,0,0,1,0,39753,3,1,1,0,"_","Active","_","Stream Beat"
430,430,0,0,0,1,0,38913,3,1,1,0,"_","Active","_","Stream Beat"
431,431,0,0,0,1,0,36193,3,1,1,0,"_","Active","_","Stream Beat"
432,432,0,0,0,1,0,42102,3,1,1,0,"_","Active","_","Stream Beat"
433,433,0,0,0,1,0,34292,3,1,1,0,"_","Active","_","Stream Beat"
434,434,0,0,0,1,0,38122,3,1,1,0,"_","Active","_","Stream Beat"
435,435,0,0,0,1,0,28278,3,1,1,0,"_","Active","_","Stream Beat"
436,436,0,0,0,1,0,14191,3,1,1,0,"_","Active","_","Stream Beat"
437,437,0,0,0,1,0,23535,3,1,1,0,"_","Active","_","Stream Beat"
438,438,0,0,0,1,0,22121,3,1,1,0,"_","Active","_","Stream Beat"
439,439,0,0,0,1,0,24049,3,1,1,0,"_","Active","_","Stream Beat"
440,440,0,0,0,1,0,25645,3,1,1,0,"_","Active","_","Stream Beat"
441,441,0,0,0,1,0,16992,3,1,1,0,"_","Active","_","Stream Beat"
442,442,0,0,0,1,0,27823,3,1,1,0,"_","Active","_","Stream Beat"
443,443,0,0,0,1,0,29260,3,1,1,0,"_","Active","_","Stream Beat"
444,444,0,0,0,1,0,28730,3,1,1,0,"_","Active","_","Stream Beat"
445,445,0,0,0,1,0,26647,3,1,1,0,"_","Active","_","Stream Beat"
446,446,0,0,0,1,0,24971,3,1,1,0,"_","Active","_","Stream Beat"
447,447,0,0,0,1,0,28455,3,1,1,0,"_","Active","_","Stream Beat"
448,448,0,0,0,1,0,25793,3,1,1,0,"_","Active","_","Stream Beat"
449,449,0,0,0,1,0,25147,3,1,1,0,"_","Active","_","Stream Beat"
450,450,0,0,0,1,0,24502,3,1,1,0,"_","Active","_","Stream Beat"
451,451,0,0,0,1,0,26737,3,1,1,0,"_","Active","_","Stream Beat"
452,452,0,0,0,1,0,27992,3,1,1,0,"_","Active","_","Stream Beat"
453,453,0,0,0,1,0,23045,3,1,1,0,"_","Active","_","Stream Beat"
454,454,0,0,0,1,0,25637,3,1,1,0,"_","Active","_","Stream Beat"
455,455,0,0,0,1,0,29275,3,1,1,0,"_","Active","_","Stream Beat"
456,456,0,0,0,1,0,24387,3,1,1,0,"_","Active","_","Stream Beat"
457,457,0,0,0,1,0,24404,3,1,1,0,"_","Active","_","Stream Beat"
458,458,0,0,0,1,0,25461,3,1,1,0,"_","Active","_","Stream Beat"
459,459,0,0,0,1,0,26709,3,1,1,0,"_","Active","_","Stream Beat"
460,460,0,0,0,1,0,26507,3,1,1,0,"_","Active","_","Stream Beat"
461,461,0,0,0,1,0,32232,3,1,1,0,"_","Active","_","Stream Beat"
462,462,0,0,0,1,0,33466,3,1,1,0,"_","Active","_","Stream Beat"
463,463,0,0,0,1,0,30476,3,1,1,0,"_","Active","_","Stream Beat"
464,464,0,0,0,1,0,30788,3,1,1,0,"_","Active","_","Stream Beat"
465,465,0,0,0,1,0,32539,3,1,1,0,"_","Active","_","Stream Beat"
466,466,0,0,0,1,0,24287,3,1,1,0,"_","Active","_","Stream Beat"
467,467,0,0,0,1,0,24465,3,1,1,0,"_","Active","_","Stream Beat"
468,468,0,0,0,1,0,19022,3,1,1,0,"_","Active","_","Stream Beat"
469,469,0,0,0,1,0,24675,3,1,1,0,"_","Active","_","Stream Beat"
470,470,0,0,0,1,0,29335,3,1,1,0,"_","Active","_","Stream Beat"
471,471,0,0,0,1,0,31785,3,1,1,0,"_","Active","_","Stream Beat"
472,472,0,0,0,1,0,39829,3,1,1,0,"_","Active","_","Stream Beat"
473,473,0,0,0,1,0,45199,3,1,1,0,"_","Active","_","Stream Beat"
474,474,0,0,0,1,0,37339,3,1,1,0,"_","Active","_","Stream Beat"
475,475,0,0,0,1,0,38818,3,1,1,0,"_","Active","_","Stream Beat"
476,476,0,0,0,1,0,32395,3,1,1,0,"_","Active","_","Stream Beat"
477,477,0,0,0,1,0,36415,3,1,1,0,"_","Active","_","Stream Beat"
478,478,0,0,0,1,0,38037,3,1,1,0,"_","Active","_","Stream Beat"
479,479,0,0,0,1,0,37524,3,1,1,0,"_","Active","_","Stream Beat"
480,480,0,0,0,1,0,43695,3,1,1,0,"_","Active","_","Stream Beat"
481,481,0,0,0,1,0,51900,3,1,1,0,"_","Active","_","Stream Beat"
482,482,0,0,0,1,0,34092,3,1,1,0,"_","Active","_","Stream Beat"
483,483,0,0,0,1,0,27586,3,1,1,0,"_","Active","_","Stream Beat"
484,484,0,0,0,1,0,26164,3,1,1,0,"_","Active","_","Stream Beat"
485,485,0,0,0,1,0,31136,3,1,1,0,"_","Active","_","Stream Beat"
486,486,0,0,0,1,0,21357,3,1,1,0,"_","Active","_","Stream Beat"
487,487,0,0,0,1,0,28393,3,1,1,0,"_","Active","_","Stream Beat"
488,488,0,0,0,1,0,20714,3,1,1,0,"_","Active","_","Stream Beat"
489,489,0,0,0,1,0,4929,3,1,1,0,"_","Active","_","Stream Beat"
490,490,0,0,0,1,0,16134,3,1,1,0,"_","Active","_","Stream Beat"
491,491,0,0,0,1,0,6272,3,1,1,0,"_","Active","_","Stream Beat"
492,492,0,0,0,1,0,6272,3,1,1,0,"_","Active","_","Stream Beat"
493,493,0,0,0,1,0,16134,3,1,1,0,"_","Active","_","Stream Beat"
494,494,0,0,0,1,0,4929,3,1,1,0,"_","Active","_","Stream Beat"
495,495,0,0,0,1,0,39041,3,1,1,0,"_","Active","_","Stream Beat"
496,496,0,0,0,1,0,42490,3,1,1,0,"_","Active","_","Stream Beat"
497,497,0,0,0,1,0,30247,3,1,1,0,"_","Active","_","Stream Beat"
498,498,0,0,0,1,0,30247,3,1,1,0,"_","Active","_","Stream Beat"
499,499,0,36341,1,1,0,42490,3,1,1,0,"Active","Active","Stream Beat","Stream Beat"
500,500,0,35744,1,1,0,39041,3,1,1,0,"Active","Active","Stream Beat","Stream Beat"
501,501,0,37072,1,1,0,38669,3,1,1,0,"Active","Active","Stream Beat","Stream Beat"
502,502,0,37192,1,1,0,34836,3,1,1,0,"Active","Active","Stream Beat","Stream Beat"
503,503,0,38148,1,1,0,36626,3,1,1,0,"Active","Active","Stream Beat","Stream Beat"
504,504,0,39726,1,1,0,32989,3,1,1,0,"Active","Active","Stream Beat","Stream Beat"
505,505,0,43954,1,1,0,33963,3,1,1,0,"Active","Active","Stream Beat","Stream Beat"
506,506,0,27939,1,1,0,19175,3,1,1,0,"Active","Active","Stream Beat","Stream Beat"
507,507,0,22809,1,1,0,16378,3,1,1,0,"Active","Active","Stream Beat","Stream Beat"
508,508,0,23114,1,1,0,29551,3,1,1,0,"Active","Active","Stream Beat","Stream Beat"
509,509,0,21759,1,1,0,29652,3,1,1,0,"Active","Active","Stream Beat","Stream Beat"
510,510,0,22966,1,1,0,18520,3,1,1,0,"Active","Active","Stream Beat","Stream Beat"
511,511,0,22321,1,1,0,21696,3,1,1,0,"Active","Active","Stream Beat","Stream Beat"
512,512,0,23326,1,1,0,30751,3,1,1,0,"Active","Active","Stream Beat","Stream Beat"
513,513,0,24209,1,1,0,31009,3,1,1,0,"Active","Active","Stream Beat","Stream Beat"
514,514,0,29016,1,1,0,28529,3,1,1,0,"Active","Active","Stream Beat","Stream Beat"
515,515,0,27763,1,1,0,32902,3,1,1,0,"Active","Active","Stream Beat","Stream Beat"
516,516,0,29198,1,1,0,32962,3,1,1,0,"Active","Active","Stream Beat","Stream Beat"
517,517,0,29065,1,1,0,29694,3,1,1,0,"Active","Active","Stream Beat","Stream Beat"
518,518,0,28985,1,1,0,25602,3,1,1,0,"Active","Active","Stream Beat","Stream Beat"
519,519,0,28771,1,1,0,28427,3,1,1,0,"Active","Active","Stream Beat","Stream Beat"
520,520,0,31800,1,1,0,33701,3,1,1,0,"Active","Active","Stream Beat","Stream Beat"
521,521,0,32189,1,1,0,27613,3,1,1,0,"Active","Active","Stream Beat","Stream Beat"
522,522,0,30826,1,1,0,25939,3,1,1,0,"Active","Active","Stream Beat","Stream Beat"
523,523,0,27655,1,1,0,29301,3,1,1,0,"Active","Active","Stream Beat","Stream Beat"
524,524,0,30586,1,1,0,24087,3,1,1,0,"Active","Active","Stream Beat","Stream Beat"
525,525,0,29951,1,1,0,25022,3,1,1,0,"Active","Active","Stream Beat","Stream Beat"
526,526,0,29329,1,1,0,27892,3,1,1,0,"Active","Active","Stream Beat","Stream Beat"
527,527,0,30998,1,1,0,24940,3,1,1,0,"Active","Active","Stream Beat","Stream Beat"
528,528,0,29848,1,1,0,25514,3,1,1,0,"Active","Active","Stream Beat","Stream Beat"
529,529,0,30205,1,1,0,27685,3,1,1,0,"Active","Active","Stream Beat","Stream Beat"
530,530,0,30520,1,1,0,29549,3,1,1,0,"Active","Active","Stream Beat","Stream Beat"
531,531,0,31496,1,1,0,29411,3,1,1,0,"Active","Active","Stream Beat","Stream Beat"
532,532,0,30755,1,1,0,25878,3,1,1,0,"Active","Active","Stream Beat","Stream Beat"
533,533,0,33257,1,1,0,27253,3,1,1,0,"Active","Active","Stream Beat","Stream Beat"
534,534,0,28925,1,1,0,28374,3,1,1,0,"Active","Active","Stream Beat","Stream Beat"
535,535,0,28474,1,1,0,32022,3,1,1,0,"Active","Active","Stream Beat","Stream Beat"
536,536,0,26418,1,1,0,25340,3,1,1,0,"Active","Active","Stream Beat","Stream Beat"
537,537,0,26570,1,1,0,25847,3,1,1,0,"Active","Active","Stream Beat","Stream Beat"
538,538,0,23250,1,1,0,29378,3,1,1,0,"Active","Active","Stream Beat","Stream Beat"
539,539,0,27913,1,1,0,24708,3,1,1,0,"Active","Active","Stream Beat","Stream Beat"
540,540,0,30973,1,1,0,32875,3,1,1,0,"Active","Active","Stream Beat","Stream Beat"
541,541,0,33732,1,1,0,35449,3,1,1,0,"Active","Active","Stream Beat","Stream Beat"
542,542,0,33149,1,1,0,29819,3,1,1,0,"Active","Active","Stream Beat","Stream Beat"
543,543,0,35607,1,1,0,32548,3,1,1,0,"Active","Active","Stream Beat","Stream Beat"
544,544,0,34690,1,1,0,41247,3,1,1,0,"Active","Active","Stream Beat","Stream Beat"
545,545,0,35763,1,1,0,32395,3,1,1,0,"Active","Active","Stream Beat","Stream Beat"
546,546,0,36041,1,1,0,30725,3,1,1,0,"Active","Active","Stream Beat","Stream Beat"
547,547,0,35877,1,1,0,31574,3,1,1,0,"Active","Active","Stream Beat","Stream Beat"
548,548,0,35741,1,1,0,36380,3,1,1,0,"Active","Active","Stream Beat","Stream Beat"
549,549,0,37021,1,1,0,28944,3,1,1,0,"Active","Active","Stream Beat","Stream Beat"
550,550,0,58943,1,1,0,40346,3,1,1,0,"Active","Active","Stream Beat","Stream Beat"
551,551,0,51505,1,1,0,46650,3,1,1,0,"Active","Active","Stream Beat","Stream Beat"
552,552,0,28103,1,1,0,51365,3,1,1,0,"Active","Active","Stream Beat","Stream Beat"
553,553,0,28439,1,1,0,21749,3,1,1,0,"Active","Active","Stream Beat","Stream Beat"
554,554,0,28509,1,1,0,26605,3,1,1,0,"Active","Active","Stream Beat","Stream Beat"
555,555,0,28148,1,1,0,19706,3,1,1,0,"Active","Active","Stream Beat","Stream Beat"
556,556,0,25407,1,1,0,29636,3,1,1,0,"Active","Active","Stream Beat","Stream Beat"
557,557,0,25673,1,1,0,18723,3,1,1,0,"Active","Active","Stream Beat","Stream Beat"
558,558,0,26591,1,1,0,2908,3,1,1,0,"Active","Active","Stream Beat","Stream Beat"
559,559,0,27032,1,1,0,14742,3,1,1,0,"Active","Active","Stream Beat","Stream Beat"
560,560,0,26936,1,1,0,4891,3,1,1,0,"Active","Active","Stream Beat","Stream Beat"
561,561,0,33438,1,1,0,6006,3,1,1,0,"Active","Active","Stream Beat","Stream Beat"
562,562,0,27785,1,1,0,6006,3,1,1,0,"Active","Active","Stream Beat","Stream Beat"
563,563,0,0,0,1,0,4891,3,1,1,0,"_","Active","_","Stream Beat"
564,564,0,0,0,1,0,14742,3,1,1,0,"_","Active","_","Stream Beat"
565,565,0,0,0,1,0,40471,3,1,1,0,"_","Active","_","Stream Beat"
566,566,0,0,0,1,0,37162,3,1,1,0,"_","Active","_","Stream Beat"
567,567,0,0,0,1,0,35385,3,1,1,0,"_","Active","_","Stream Beat"
568,568,0,0,0,1,0,35385,3,1,1,0,"_","Active","_","Stream Beat"
569,569,0,36515,1,1,0,37162,3,1,1,0,"Active","Active","Stream Beat","Stream Beat"
570,570,0,36024,1,1,0,40471,3,1,1,0,"Active","Active","Stream Beat","Stream Beat"
571,571,0,37983,1,1,0,35209,3,1,1,0,"Active","Active","Stream Beat","Stream Beat"
572,572,0,37603,1,1,0,36851,3,1,1,0,"Active","Active","Stream Beat","Stream Beat"
573,573,0,37508,1,1,0,39050,3,1,1,0,"Active","Active","Stream Beat","Stream Beat"
574,574,0,37735,1,1,0,39944,3,1,1,0,"Active","Active","Stream Beat","Stream Beat"
575,575,0,36696,1,1,0,26778,3,1,1,0,"Active","Active","Stream Beat","Stream Beat"
576,576,0,28222,1,1,0,22064,3,1,1,0,"Active","Active","Stream Beat","Stream Beat"
577,577,0,21390,1,1,0,27985,3,1,1,0,"Active","Active","Stream Beat","Stream Beat"
578,578,0,22800,1,1,0,20013,3,1,1,0,"Active","Active","Stream Beat","Stream Beat"
579,579,0,22437,1,1,0,16829,3,1,1,0,"Active","Active","Stream Beat","Stream Beat"
580,580,0,22847,1,1,0,25989,3,1,1,0,"Active","Active","Stream Beat","Stream Beat"
581,581,0,21981,1,1,0,29367,3,1,1,0,"Active","Active","Stream Beat","Stream Beat"
582,582,0,23763,1,1,0,26383,3,1,1,0,"Active","Active","Stream Beat","Stream Beat"
583,583,0,24728,1,1,0,31585,3,1,1,0,"Active","Active","Stream Beat","Stream Beat"
584,584,0,25783,1,1,0,33309,3,1,1,0,"Active","Active","Stream Beat","Stream Beat"
585,585,0,28256,1,1,0,31281,3,1,1,0,"Active","Active","Stream Beat","Stream Beat"
586,586,0,28886,1,1,0,27957,3,1,1,0,"Active","Active","Stream Beat","Stream Beat"
587,587,0,27549,1,1,0,22926,3,1,1,0,"Active","Active","Stream Beat","Stream Beat"
588,588,0,28723,1,1,0,27722,3,1,1,0,"Active","Active","Stream Beat","Stream Beat"
589,589,0,29895,1,1,0,29453,3,1,1,0,"Active","Active","Stream Beat","Stream Beat"
590,590,0,28955,1,1,0,22332,3,1,1,0,"Active","Active","Stream Beat","Stream Beat"
591,591,0,29559,1,1,0,37124,3,1,1,0,"Active","Active","Stream Beat","Stream Beat"
592,592,0,28756,1,1,0,25026,3,1,1,0,"Active","Active","Stream Beat","Stream Beat"
593,593,0,28258,1,1,0,30562,3,1,1,0,"Active","Active","Stream Beat","Stream Beat"
594,594,0,29759,1,1,0,29795,3,1,1,0,"Active","Active","Stream Beat","Stream Beat"
595,595,0,28724,1,1,0,27117,3,1,1,0,"Active","Active","Stream Beat","Stream Beat"
596,596,0,29573,1,1,0,26490,3,1,1,0,"Active","Active","Stream Beat","Stream Beat"
597,597,0,28194,1,1,0,30635,3,1,1,0,"Active","Active","Stream Beat","Stream Beat"
598,598,0,28266,1,1,0,26352,3,1,1,0,"Active","Active","Stream Beat","Stream Beat"
599,599,0,30544,1,1,0,29665,3,1,1,0,"Active","Active","Stream Beat","Stream Beat"
600,600,0,30558,1,1,0,22915,3,1,1,0,"Active","Active","Stream Beat","Stream Beat"
601,601,0,31170,1,1,0,30745,3,1,1,0,"Active","Active","Stream Beat","Stream Beat"
602,602,0,31401,1,1,0,29879,3,1,1,0,"Active","Active","Stream Beat","Stream Beat"
603,603,0,32070,1,1,0,21233,3,1,1,0,"Active","Active","Stream Beat","Stream Beat"
604,604,0,30921,1,1,0,27830,3,1,1,0,"Active","Active","Stream Beat","Stream Beat"
605,605,0,27977,1,1,0,21714,3,1,1,0,"Active","Active","Stream Beat","Stream Beat"
606,606,0,26828,1,1,0,32785,3,1,1,0,"Active","Active","Stream Beat","Stream Beat"
607,607,0,27066,1,1,0,23283,3,1,1,0,"Active","Active","Stream Beat","Stream Beat"
608,608,0,23980,1,1,0,15699,3,1,1,0,"Active","Active","Stream Beat","Stream Beat"
609,609,0,25614,1,1,0,32966,3,1,1,0,"Active","Active","Stream Beat","Stream Beat"
610,610,0,30853,1,1,0,27114,3,1,1,0,"Active","Active","Stream Beat","Stream Beat"
611,611,0,32496,1,1,0,30426,3,1,1,0,"Active","Active","Stream Beat","Stream Beat"
612,612,0,35137,1,1,0,40865,3,1,1,0,"Active","Active","Stream Beat","Stream Beat"
613,613,0,36597,1,1,0,34475,3,1,1,0,"Active","Active","Stream Beat","Stream Beat"
614,614,0,38077,1,1,0,30675,3,1,1,0,"Active","Active","Stream Beat","Stream Beat"
615,615,0,36970,1,1,0,36130,3,1,1,0,"Active","Active","Stream Beat","Stream Beat"
616,616,0,36110,1,1,0,32034,3,1,1,0,"Active","Active","Stream Beat","Stream Beat"
617,617,0,35000,1,1,0,38970,3,1,1,0,"Active","Active","Stream Beat","Stream Beat"
618,618,0,35837,1,1,0,28378,3,1,1,0,"Active","Active","Stream Beat","Stream Beat"
619,619,0,38735,1,1,0,38296,3,1,1,0,"Active","Active","Stream Beat","Stream Beat"
620,620,0,47100,1,1,0,29170,3,1,1,0,"Active","Active","Stream Beat","Stream Beat"
621,621,0,50261,1,1,0,40304,3,1,1,0,"Active","Active","Stream Beat","Stream Beat"
622,622,0,29892,1,1,0,61146,3,1,1,0,"Active","Active","Stream Beat","Stream Beat"
623,623,0,27510,1,1,0,42651,3,1,1,0,"Active","Active","Stream Beat","Stream Beat"
624,624,0,27906,1,1,0,24753,3,1,1,0,"Active","Active","Stream Beat","Stream Beat"
625,625,0,27269,1,1,0,27615,3,1,1,0,"Active","Active","Stream Beat","Stream Beat"
626,626,0,27749,1,1,0,18332,3,1,1,0,"Active","Active","Stream Beat","Stream Beat"
627,627,0,28967,1,1,0,10265,3,1,1,0,"Active","Active","Stream Beat","Stream Beat"
628,628,0,28992,1,1,0,8576,3,1,1,0,"Active","Active","Stream Beat","Stream Beat"
629,629,0,27141,1,1,0,4775,3,1,1,0,"Active","Active","Stream Beat","Stream Beat"
630,630,0,29403,1,1,0,5506,3,1,1,0,"Active","Active","Stream Beat","Stream Beat"
631,631,0,22513,1,1,0,1337,3,1,1,0,"Active","Active","Stream Beat","Stream Beat"
632,632,0,6350,1,1,0,1337,3,1,1,0,"Active","Active","Stream Beat","Stream Beat"
633,633,0,0,0,1,0,5506,3,1,1,0,"_","Active","_","Stream Beat"
634,634,0,0,0,1,0,4775,3,1,1,0,"_","Active","_","Stream Beat"
635,635,0,0,0,1,0,32732,3,1,1,0,"_","Active","_","Stream Beat"
636,636,0,0,0,1,0,45679,3,1,1,0,"_","Active","_","Stream Beat"
637,637,0,0,0,1,0,38425,3,1,1,0,"_","Active","_","Stream Beat"
638,638,0,0,0,1,0,38425,3,1,1,0,"_","Active","_","Stream Beat"
639,639,0,37707,1,1,0,45679,3,1,1,0,"Active","Active","Stream Beat","Stream Beat"
640,640,0,38222,1,1,0,32732,3,1,1,0,"Active","Active","Stream Beat","Stream Beat"
641,641,0,37174,1,1,0,28941,3,1,1,0,"Active","Active","Stream Beat","Stream Beat"
642,642,0,38452,1,1,0,35043,3,1,1,0,"Active","Active","Stream Beat","Stream Beat"
643,643,0,38783,1,1,0,40011,3,1,1,0,"Active","Active","Stream Beat","Stream Beat"
644,644,0,37970,1,1,0,33326,3,1,1,0,"Active","Active","Stream Beat","Stream Beat"
645,645,0,36641,1,1,0,24939,3,1,1,0,"Active","Active","Stream Beat","Stream Beat"
646,646,0,27527,1,1,0,14977,3,1,1,0,"Active","Active","Stream Beat","Stream Beat"
647,647,0,22066,1,1,0,29188,3,1,1,0,"Active","Active","Stream Beat","Stream Beat"
648,648,0,22694,1,1,0,25259,3,1,1,0,"Active","Active","Stream Beat","Stream Beat"
649,649,0,22264,1,1,0,19139,3,1,1,0,"Active","Active","Stream Beat","Stream Beat"
650,650,0,22473,1,1,0,26640,3,1,1,0,"Active","Active","Stream Beat","Stream Beat"
651,651,0,24101,1,1,0,23305,3,1,1,0,"Active","Active","Stream Beat","Stream Beat"
652,652,0,24096,1,1,0,24953,3,1,1,0,"Active","Active","Stream Beat","Stream Beat"
653,653,0,21227,1,1,0,22979,3,1,1,0,"Active","Active","Stream Beat","Stream Beat"
654,654,0,28075,1,1,0,29832,3,1,1,0,"Active","Active","Stream Beat","Stream Beat"
655,655,0,27644,1,1,0,26100,3,1,1,0,"Active","Active","Stream Beat","Stream Beat"
656,656,0,28527,1,1,0,29411,3,1,1,0,"Active","Active","Stream Beat","Stream Beat"
657,657,0,28530,1,1,0,25249,3,1,1,0,"Active","Active","Stream Beat","Stream Beat"
658,658,0,28087,1,1,0,31594,3,1,1,0,"Active","Active","Stream Beat","Stream Beat"
659,659,0,29463,1,1,0,32640,3,1,1,0,"Active","Active","Stream Beat","Stream Beat"
660,660,0,30333,1,1,0,27448,3,1,1,0,"Active","Active","Stream Beat","Stream Beat"
661,661,0,30067,1,1,0,23628,3,1,1,0,"Active","Active","Stream Beat","Stream Beat"
662,662,0,29198,1,1,0,39488,3,1,1,0,"Active","Active","Stream Beat","Stream Beat"
663,663,0,27085,1,1,0,22953,3,1,1,0,"Active","Active","Stream Beat","Stream Beat"
664,664,0,27317,1,1,0,34317,3,1,1,0,"Active","Active","Stream Beat","Stream Beat"
665,665,0,26815,1,1,0,46814,3,1,1,0,"Active","Active","Stream Beat","Stream Beat"
666,666,0,28515,1,1,0,34851,3,1,1,0,"Active","Active","Stream Beat","Stream Beat"
667,667,0,28125,1,1,0,34635,3,1,1,0,"Active","Active","Stream Beat","Stream Beat"
668,668,0,29409,1,1,0,44734,3,1,1,0,"Active","Active","Stream Beat","Stream Beat"
669,669,0,28996,1,1,0,38703,3,1,1,0,"Active","Active","Stream Beat","Stream Beat"
670,670,0,28434,1,1,0,32536,3,1,1,0,"Active","Active","Stream Beat","Stream Beat"
671,671,0,29437,1,1,0,28867,3,1,1,0,"Active","Active","Stream Beat","Stream Beat"
672,672,0,30501,1,1,0,28056,3,1,1,0,"Active","Active","Stream Beat","Stream Beat"
673,673,0,29799,1,1,0,22591,3,1,1,0,"Active","Active","Stream Beat","Stream Beat"
674,674,0,30384,1,1,0,33457,3,1,1,0,"Active","Active","Stream Beat","Stream Beat"
675,675,0,29085,1,1,0,28462,3,1,1,0,"Active","Active","Stream Beat","Stream Beat"
676,676,0,26156,1,1,0,23966,3,1,1,0,"Active","Active","Stream Beat","Stream Beat"
677,677,0,27093,1,1,0,26857,3,1,1,0,"Active","Active","Stream Beat","Stream Beat"
678,678,0,25249,1,1,0,22332,3,1,1,0,"Active","Active","Stream Beat","Stream Beat"
679,679,0,25748,1,1,0,27401,3,1,1,0,"Active","Active","Stream Beat","Stream Beat"
680,680,0,28038,1,1,0,36864,3,1,1,0,"Active","Active","Stream Beat","Stream Beat"
681,681,0,32519,1,1,0,37526,3,1,1,0,"Active","Active","Stream Beat","Stream Beat"
682,682,0,34900,1,1,0,38068,3,1,1,0,"Active","Active","Stream Beat","Stream Beat"
683,683,0,38067,1,1,0,29906,3,1,1,0,"Active","Active","Stream Beat","Stream Beat"
684,684,0,36391,1,1,0,35262,3,1,1,0,"Active","Active","Stream Beat","Stream Beat"
685,685,0,36437,1,1,0,29953,3,1,1,0,"Active","Active","Stream Beat","Stream Beat"
686,686,0,35387,1,1,0,38480,3,1,1,0,"Active","Active","Stream Beat","Stream Beat"
687,687,0,35075,1,1,0,29015,3,1,1,0,"Active","Active","Stream Beat","Stream Beat"
688,688,0,34147,1,1,0,32338,3,1,1,0,"Active","Active","Stream Beat","Stream Beat"
689,689,0,34281,1,1,0,30487,3,1,1,0,"Active","Active","Stream Beat","Stream Beat"
690,690,0,39570,1,1,0,34453,3,1,1,0,"Active","Active","Stream Beat","Stream Beat"
691,691,0,53683,1,1,0,34793,3,1,1,0,"Active","Active","Stream Beat","Stream Beat"
692,692,0,54188,1,1,0,44763,3,1,1,0,"Active","Active","Stream Beat","Stream Beat"
693,693,0,25426,1,1,0,55264,3,1,1,0,"Active","Active","Stream Beat","Stream Beat"
694,694,0,26862,1,1,0,27650,3,1,1,0,"Active","Active","Stream Beat","Stream Beat"
695,695,0,27173,1,1,0,17830,3,1,1,0,"Active","Active","Stream Beat","Stream Beat"
696,696,0,28081,1,1,0,3504,3,1,1,0,"Active","Active","Stream Beat","Stream Beat"
697,697,0,28759,1,1,0,7060,3,1,1,0,"Active","Active","Stream Beat","Stream Beat"
698,698,0,26498,1,1,0,15875,3,1,1,0,"Active","Active","Stream Beat","Stream Beat"
699,699,0,29685,1,1,0,16063,3,1,1,0,"Active","Active","Stream Beat","Stream Beat"
700,700,0,21308,1,1,0,11207,3,1,1,0,"Active","Active","Stream Beat","Stream Beat"
701,701,0,4097,1,1,0,468,3,1,1,0,"Active","Active","Stream Beat","Stream Beat"
702,702,0,8559,1,1,0,468,3,1,1,0,"Active","Active","Stream Beat","Stream Beat"
703,703,0,0,0,1,0,11207,3,1,1,0,"_","Active","_","Stream Beat"
704,704,0,0,0,1,0,16063,3,1,1,0,"_","Active","_","Stream Beat"
705,705,0,0,0,1,0,29411,3,1,1,0,"_","Active","_","Stream Beat"
706,706,0,0,0,1,0,41581,3,1,1,0,"_","Active","_","Stream Beat"
707,707,0,0,0,1,0,37388,3,1,1,0,"_","Active","_","Stream Beat"
708,708,0,0,0,1,0,37388,3,1,1,0,"_","Active","_","Stream Beat"
709,709,0,39192,1,1,0,41581,3,1,1,0,"Active","Active","Stream Beat","Stream Beat"
710,710,0,37268,1,1,0,29411,3,1,1,0,"Active","Active","Stream Beat","Stream Beat"
711,711,0,39116,1,1,0,32041,3,1,1,0,"Active","Active","Stream Beat","Stream Beat"
712,712,0,37355,1,1,0,43036,3,1,1,0,"Active","Active","Stream Beat","Stream Beat"
713,713,0,38333,1,1,0,38559,3,1,1,0,"Active","Active","Stream Beat","Stream Beat"
714,714,0,37422,1,1,0,30009,3,1,1,0,"Active","Active","Stream Beat","Stream Beat"
715,715,0,36713,1,1,0,33066,3,1,1,0,"Active","Active","Stream Beat","Stream Beat"
716,716,0,30168,1,1,0,17042,3,1,1,0,"Active","Active","Stream Beat","Stream Beat"
717,717,0,20498,1,1,0,17805,3,1,1,0,"Active","Active","Stream Beat","Stream Beat"
718,718,0,23173,1,1,0,20963,3,1,1,0,"Active","Active","Stream Beat","Stream Beat"
719,719,0,22602,1,1,0,16358,3,1,1,0,"Active","Active","Stream Beat","Stream Beat"
720,720,0,23558,1,1,0,19119,3,1,1,0,"Active","Active","Stream Beat","Stream Beat"
721,721,0,24083,1,1,0,28097,3,1,1,0,"Active","Active","Stream Beat","Stream Beat"
722,722,0,21058,1,1,0,31172,3,1,1,0,"Active","Active","Stream Beat","Stream Beat"
723,723,0,25903,1,1,0,26965,3,1,1,0,"Active","Active","Stream Beat","Stream Beat"
724,724,0,28224,1,1,0,27112,3,1,1,0,"Active","Active","Stream Beat","Stream Beat"
725,725,0,29141,1,1,0,22309,3,1,1,0,"Active","Active","Stream Beat","Stream Beat"
726,726,0,28624,1,1,0,24721,3,1,1,0,"Active","Active","Stream Beat","Stream Beat"
727,727,0,27524,1,1,0,25124,3,1,1,0,"Active","Active","Stream Beat","Stream Beat"
728,728,0,28913,1,1,0,27661,3,1,1,0,"Active","Active","Stream Beat","Stream Beat"
729,729,0,27622,1,1,0,29337,3,1,1,0,"Active","Active","Stream Beat","Stream Beat"
730,730,0,27655,1,1,0,29134,3,1,1,0,"Active","Active","Stream Beat","Stream Beat"
731,731,0,27636,1,1,0,29687,3,1,1,0,"Active","Active","Stream Beat","Stream Beat"
732,732,0,27380,1,1,0,29813,3,1,1,0,"Active","Active","Stream Beat","Stream Beat"
733,733,0,28021,1,1,0,32475,3,1,1,0,"Active","Active","Stream Beat","Stream Beat"
734,734,0,27451,1,1,0,28711,3,1,1,0,"Active","Active","Stream Beat","Stream Beat"
735,735,0,27288,1,1,0,36603,3,1,1,0,"Active","Active","Stream Beat","Stream Beat"
736,736,0,27179,1,1,0,37547,3,1,1,0,"Active","Active","Stream Beat","Stream Beat"
737,737,0,27553,1,1,0,36973,3,1,1,0,"Active","Active","Stream Beat","Stream Beat"
738,738,0,27324,1,1,0,37950,3,1,1,0,"Active","Active","Stream Beat","Stream Beat"
739,739,0,27959,1,1,0,48801,3,1,1,0,"Active","Active","Stream Beat","Stream Beat"
740,740,0,28986,1,1,0,49892,3,1,1,0,"Active","Active","Stream Beat","Stream Beat"
741,741,0,29861,1,1,0,47894,3,1,1,0,"Active","Active","Stream Beat","Stream Beat"
742,742,0,29479,1,1,0,30442,3,1,1,0,"Active","Active","Stream Beat","Stream Beat"
743,743,0,29669,1,1,0,22546,3,1,1,0,"Active","Active","Stream Beat","Stream Beat"
744,744,0,28650,1,1,0,29212,3,1,1,0,"Active","Active","Stream Beat","Stream Beat"
745,745,0,29884,1,1,0,23006,3,1,1,0,"Active","Active","Stream Beat","Stream Beat"
746,746,0,28069,1,1,0,21612,3,1,1,0,"Active","Active","Stream Beat","Stream Beat"
747,747,0,25395,1,1,0,26230,3,1,1,0,"Active","Active","Stream Beat","Stream Beat"
748,748,0,25809,1,1,0,25520,3,1,1,0,"Active","Active","Stream Beat","Stream Beat"
749,749,0,24698,1,1,0,27064,3,1,1,0,"Active","Active","Stream Beat","Stream Beat"
750,750,0,27283,1,1,0,35033,3,1,1,0,"Active","Active","Stream Beat","Stream Beat"
751,751,0,30894,1,1,0,41483,3,1,1,0,"Active","Active","Stream Beat","Stream Beat"
752,752,0,34068,1,1,0,33873,3,1,1,0,"Active","Active","Stream Beat","Stream Beat"
753,753,0,36755,1,1,0,30626,3,1,1,0,"Active","Active","Stream Beat","Stream Beat"
754,754,0,39143,1,1,0,27526,3,1,1,0,"Active","Active","Stream Beat","Stream Beat"
755,755,0,35627,1,1,0,34859,3,1,1,0,"Active","Active","Stream Beat","Stream Beat"
756,756,0,36086,1,1,0,30076,3,1,1,0,"Active","Active","Stream Beat","Stream Beat"
757,757,0,34502,1,1,0,36590,3,1,1,0,"Active","Active","Stream Beat","Stream Beat"
758,758,0,33522,1,1,0,34466,3,1,1,0,"Active","Active","Stream Beat","Stream Beat"
759,759,0,33301,1,1,0,28391,3,1,1,0,"Active","Active","Stream Beat","Stream Beat"
760,760,0,36799,1,1,0,28922,3,1,1,0,"Active","Active","Stream Beat","Stream Beat"
761,761,0,42070,1,1,0,35858,3,1,1,0,"Active","Active","Stream Beat","Stream Beat"
762,762,0,54070,1,1,0,47743,3,1,1,0,"Active","Active","Stream Beat","Stream Beat"
763,763,0,34676,1,1,0,57843,3,1,1,0,"Active","Active","Stream Beat","Stream Beat"
764,764,0,26296,1,1,0,38241,3,1,1,0,"Active","Active","Stream Beat","Stream Beat"
765,765,0,26245,1,1,0,5832,3,1,1,0,"Active","Active","Stream Beat","Stream Beat"
766,766,0,28306,1,1,0,204,3,1,1,0,"Active","Active","Stream Beat","Stream Beat"
767,767,0,26392,1,1,0,11369,3,1,1,0,"Active","Active","Stream Beat","Stream Beat"
768,768,0,28822,1,1,0,6355,3,1,1,0,"Active","Active","Stream Beat","Stream Beat"
769,769,0,20902,1,1,0,8653,3,1,1,0,"Active","Active","Stream Beat","Stream Beat"
770,770,0,5057,1,1,0,8387,3,1,1,0,"Active","Active","Stream Beat","Stream Beat"
771,771,0,9631,1,1,0,0,3,1,1,0,"Active","Active","Stream Beat","Stream Beat"
772,772,0,5569,1,1,0,0,3,1,1,0,"Active","Active","Stream Beat","Stream Beat"
773,773,0,0,0,1,0,8387,3,1,1,0,"_","Active","_","Stream Beat"
774,774,0,0,0,1,0,8653,3,1,1,0,"_","Active","_","Stream Beat"
775,775,0,0,0,1,0,22425,3,1,1,0,"_","Active","_","Stream Beat"
776,776,0,0,0,1,0,27468,3,1,1,0,"_","Active","_","Stream Beat"
777,777,0,0,0,1,0,47399,3,1,1,0,"_","Active","_","Stream Beat"
778,778,0,0,0,1,0,47399,3,1,1,0,"_","Active","_","Stream Beat"
779,779,0,38711,1,1,0,27468,3,1,1,0,"Active","Active","Stream Beat","Stream Beat"
780,780,0,38123,1,1,0,22425,3,1,1,0,"Active","Active","Stream Beat","Stream Beat"
781,781,0,38943,1,1,0,30591,3,1,1,0,"Active","Active","Stream Beat","Stream Beat"
782,782,0,38561,1,1,0,38398,3,1,1,0,"Active","Active","Stream Beat","Stream Beat"
783,783,0,36157,1,1,0,34386,3,1,1,0,"Active","Active","Stream Beat","Stream Beat"
784,784,0,37444,1,1,0,32421,3,1,1,0,"Active","Active","Stream Beat","Stream Beat"
785,785,0,37383,1,1,0,30865,3,1,1,0,"Active","Active","Stream Beat","Stream Beat"
786,786,0,30955,1,1,0,21979,3,1,1,0,"Active","Active","Stream Beat","Stream Beat"
787,787,0,21891,1,1,0,15826,3,1,1,0,"Active","Active","Stream Beat","Stream Beat"
788,788,0,21798,1,1,0,20681,3,1,1,0,"Active","Active","Stream Beat","Stream Beat"
789,789,0,24294,1,1,0,18876,3,1,1,0,"Active","Active","Stream Beat","Stream Beat"
790,790,0,24290,1,1,0,23669,3,1,1,0,"Active","Active","Stream Beat","Stream Beat"
791,791,0,21762,1,1,0,25450,3,1,1,0,"Active","Active","Stream Beat","Stream Beat"
792,792,0,24264,1,1,0,23023,3,1,1,0,"Active","Active","Stream Beat","Stream Beat"
793,793,0,27422,1,1,0,30444,3,1,1,0,"Active","Active","Stream Beat","Stream Beat"
794,794,0,28892,1,1,0,21299,3,1,1,0,"Active","Active","Stream Beat","Stream Beat"
795,795,0,29163,1,1,0,23463,3,1,1,0,"Active","Active","Stream Beat","Stream Beat"
796,796,0,29568,1,1,0,29258,3,1,1,0,"Active","Active","Stream Beat","Stream Beat"
797,797,0,29075,1,1,0,25436,3,1,1,0,"Active","Active","Stream Beat","Stream Beat"
798,798,0,28961,1,1,0,29317,3,1,1,0,"Active","Active","Stream Beat","Stream Beat"
799,799,0,27695,1,1,0,22863,3,1,1,0,"Active","Active","Stream Beat","Stream Beat"
800,800,0,28718,1,1,0,29118,3,1,1,0,"Active","Active","Stream Beat","Stream Beat"
801,801,0,30732,1,1,0,27290,3,1,1,0,"Active","Active","Stream Beat","Stream Beat"
802,802,0,27579,1,1,0,28453,3,1,1,0,"Active","Active","Stream Beat","Stream Beat"
803,803,0,27992,1,1,0,38147,3,1,1,0,"Active","Active","Stream Beat","Stream Beat"
804,804,0,28347,1,1,0,34362,3,1,1,0,"Active","Active","Stream Beat","Stream Beat"
805,805,0,27216,1,1,0,35338,3,1,1,0,"Active","Active","Stream Beat","Stream Beat"
806,806,0,26838,1,1,0,32067,3,1,1,0,"Active","Active","Stream Beat","Stream Beat"
807,807,0,27488,1,1,0,36390,3,1,1,0,"Active","Active","Stream Beat","Stream Beat"
808,808,0,27107,1,1,0,44471,3,1,1,0,"Active","Active","Stream Beat","Stream Beat"
809,809,0,27155,1,1,0,40714,3,1,1,0,"Active","Active","Stream Beat","Stream Beat"
810,810,0,28349,1,1,0,40474,3,1,1,0,"Active","Active","Stream Beat","Stream Beat"
811,811,0,29218,1,1,0,49693,3,1,1,0,"Active","Active","Stream Beat","Stream Beat"
812,812,0,28882,1,1,0,39006,3,1,1,0,"Active","Active","Stream Beat","Stream Beat"
813,813,0,29059,1,1,0,28654,3,1,1,0,"Active","Active","Stream Beat","Stream Beat"
814,814,0,29164,1,1,0,22088,3,1,1,0,"Active","Active","Stream Beat","Stream Beat"
815,815,0,28507,1,1,0,23519,3,1,1,0,"Active","Active","Stream Beat","Stream Beat"
816,816,0,27948,1,1,0,29380,3,1,1,0,"Active","Active","Stream Beat","Stream Beat"
817,817,0,26719,1,1,0,20396,3,1,1,0,"Active","Active","Stream Beat","Stream Beat"
818,818,0,25427,1,1,0,22149,3,1,1,0,"Active","Active","Stream Beat","Stream Beat"
819,819,0,26695,1,1,0,26228,3,1,1,0,"Active","Active","Stream Beat","Stream Beat"
820,820,0,26166,1,1,0,30560,3,1,1,0,"Active","Active","Stream Beat","Stream Beat"
821,821,0,30941,1,1,0,34513,3,1,1,0,"Active","Active","Stream Beat","Stream Beat"
822,822,0,33888,1,1,0,42008,3,1,1,0,"Active","Active","Stream Beat","Stream Beat"
823,823,0,34365,1,1,0,35345,3,1,1,0,"Active","Active","Stream Beat","Stream Beat"
824,824,0,35649,1,1,0,33385,3,1,1,0,"Active","Active","Stream Beat","Stream Beat"
825,825,0,37296,1,1,0,41257,3,1,1,0,"Active","Active","Stream Beat","Stream Beat"
826,826,0,33468,1,1,0,31638,3,1,1,0,"Active","Active","Stream Beat","Stream Beat"
827,827,0,34344,1,1,0,38909,3,1,1,0,"Active","Active","Stream Beat","Stream Beat"
828,828,0,32513,1,1,0,29482,3,1,1,0,"Active","Active","Stream Beat","Stream Beat"
829,829,0,34042,1,1,0,36958,3,1,1,0,"Active","Active","Stream Beat","Stream Beat"
830,830,0,32216,1,1,0,36535,3,1,1,0,"Active","Active","Stream Beat","Stream Beat"
831,831,0,37568,1,1,0,28746,3,1,1,0,"Active","Active","Stream Beat","Stream Beat"
832,832,0,49434,1,1,0,27873,3,1,1,0,"Active","Active","Stream Beat","Stream Beat"
833,833,0,54235,1,1,0,42172,3,1,1,0,"Active","Active","Stream Beat","Stream Beat"
834,834,0,24343,1,1,0,12475,3,1,1,0,"Active","Active","Stream Beat","Stream Beat"
835,835,0,27636,1,1,0,4971,3,1,1,0,"Active","Active","Stream Beat","Stream Beat"
836,836,0,24926,1,1,0,4831,3,1,1,0,"Active","Active","Stream Beat","Stream Beat"
837,837,0,28583,1,1,0,8609,3,1,1,0,"Active","Active","Stream Beat","Stream Beat"
838,838,0,20384,1,1,0,8376,3,1,1,0,"Active","Active","Stream Beat","Stream Beat"
839,839,0,5649,1,1,0,0,3,1,1,0,"Active","Active","Stream Beat","Stream Beat"
840,840,0,10660,1,1,0,8744,3,1,1,0,"Active","Active","Stream Beat","Stream Beat"
841,841,0,6269,1,1,0,8272,3,1,1,0,"Active","Active","Stream Beat","Stream Beat"
842,842,0,6506,1,1,0,8272,3,1,1,0,"Active","Active","Stream Beat","Stream Beat"
843,843,0,0,0,1,0,8744,3,1,1,0,"_","Active","_","Stream Beat"
844,844,0,0,0,1,0,0,3,1,1,0,"_","Active","_","Stream Beat"
845,845,0,0,0,1,0,13137,3,1,1,0,"_","Active","_","Stream Beat"
846,846,0,0,0,1,0,22107,3,1,1,0,"_","Active","_","Stream Beat"
847,847,0,0,0,1,0,36620,3,1,1,0,"_","Active","_","Stream Beat"
848,848,0,0,0,1,0,36620,3,1,1,0,"_","Active","_","Stream Beat"
849,849,0,38437,1,1,0,22107,3,1,1,0,"Active","Active","Stream Beat","Stream Beat"
850,850,0,38364,1,1,0,13137,3,1,1,0,"Active","Active","Stream Beat","Stream Beat"
851,851,0,38151,1,1,0,27007,3,1,1,0,"Active","Active","Stream Beat","Stream Beat"
852,852,0,37227,1,1,0,40225,3,1,1,0,"Active","Active","Stream Beat","Stream Beat"
853,853,0,36942,1,1,0,35285,3,1,1,0,"Active","Active","Stream Beat","Stream Beat"
854,854,0,37142,1,1,0,38723,3,1,1,0,"Active","Active","Stream Beat","Stream Beat"
855,855,0,36985,1,1,0,24960,3,1,1,0,"Active","Active","Stream Beat","Stream Beat"
856,856,0,28848,1,1,0,12396,3,1,1,0,"Active","Active","Stream Beat","Stream Beat"
857,857,0,22616,1,1,0,22873,3,1,1,0,"Active","Active","Stream Beat","Stream Beat"
858,858,0,23771,1,1,0,13739,3,1,1,0,"Active","Active","Stream Beat","Stream Beat"
859,859,0,21650,1,1,0,19126,3,1,1,0,"Active","Active","Stream Beat","Stream Beat"
860,860,0,22196,1,1,0,19902,3,1,1,0,"Active","Active","Stream Beat","Stream Beat"
861,861,0,24600,1,1,0,20828,3,1,1,0,"Active","Active","Stream Beat","Stream Beat"
862,862,0,26214,1,1,0,22439,3,1,1,0,"Active","Active","Stream Beat","Stream Beat"
863,863,0,27265,1,1,0,27544,3,1,1,0,"Active","Active","Stream Beat","Stream Beat"
864,864,0,27819,1,1,0,20544,3,1,1,0,"Active","Active","Stream Beat","Stream Beat"
865,865,0,29356,1,1,0,27756,3,1,1,0,"Active","Active","Stream Beat","Stream Beat"
866,866,0,28453,1,1,0,28777,3,1,1,0,"Active","Active","Stream Beat","Stream Beat"
867,867,0,28318,1,1,0,24778,3,1,1,0,"Active","Active","Stream Beat","Stream Beat"
868,868,0,27531,1,1,0,24517,3,1,1,0,"Active","Active","Stream Beat","Stream Beat"
869,869,0,27257,1,1,0,30904,3,1,1,0,"Active","Active","Stream Beat","Stream Beat"
870,870,0,27432,1,1,0,26763,3,1,1,0,"Active","Active","Stream Beat","Stream Beat"
871,871,0,27410,1,1,0,29733,3,1,1,0,"Active","Active","Stream Beat","Stream Beat"
872,872,0,31681,1,1,0,30659,3,1,1,0,"Active","Active","Stream Beat","Stream Beat"
873,873,0,26541,1,1,0,29343,3,1,1,0,"Active","Active","Stream Beat","Stream Beat"
874,874,0,28670,1,1,0,29437,3,1,1,0,"Active","Active","Stream Beat","Stream Beat"
875,875,0,30164,1,1,0,32612,3,1,1,0,"Active","Active","Stream Beat","Stream Beat"
876,876,0,28798,1,1,0,34060,3,1,1,0,"Active","Active","Stream Beat","Stream Beat"
877,877,0,28365,1,1,0,31363,3,1,1,0,"Active","Active","Stream Beat","Stream Beat"
878,878,0,30025,1,1,0,47048,3,1,1,0,"Active","Active","Stream Beat","Stream Beat"
879,879,0,29031,1,1,0,46046,3,1,1,0,"Active","Active","Stream Beat","Stream Beat"
880,880,0,28682,1,1,0,44170,3,1,1,0,"Active","Active","Stream Beat","Stream Beat"
881,881,0,28042,1,1,0,39223,3,1,1,0,"Active","Active","Stream Beat","Stream Beat"
882,882,0,28516,1,1,0,48667,3,1,1,0,"Active","Active","Stream Beat","Stream Beat"
883,883,0,28723,1,1,0,50024,3,1,1,0,"Active","Active","Stream Beat","Stream Beat"
884,884,0,27289,1,1,0,39334,3,1,1,0,"Active","Active","Stream Beat","Stream Beat"
885,885,0,28145,1,1,0,22535,3,1,1,0,"Active","Active","Stream Beat","Stream Beat"
886,886,0,26121,1,1,0,23847,3,1,1,0,"Active","Active","Stream Beat","Stream Beat"
887,887,0,27046,1,1,0,24065,3,1,1,0,"Active","Active","Stream Beat","Stream Beat"
888,888,0,24820,1,1,0,21777,3,1,1,0,"Active","Active","Stream Beat","Stream Beat"
889,889,0,24031,1,1,0,26423,3,1,1,0,"Active","Active","Stream Beat","Stream Beat"
890,890,0,28847,1,1,0,41369,3,1,1,0,"Active","Active","Stream Beat","Stream Beat"
891,891,0,31464,1,1,0,36554,3,1,1,0,"Active","Active","Stream Beat","Stream Beat"
892,892,0,33200,1,1,0,31633,3,1,1,0,"Active","Active","Stream Beat","Stream Beat"
893,893,0,35781,1,1,0,30669,3,1,1,0,"Active","Active","Stream Beat","Stream Beat"
894,894,0,34818,1,1,0,31037,3,1,1,0,"Active","Active","Stream Beat","Stream Beat"
895,895,0,33406,1,1,0,32526,3,1,1,0,"Active","Active","Stream Beat","Stream Beat"
896,896,0,34308,1,1,0,38643,3,1,1,0,"Active","Active","Stream Beat","Stream Beat"
897,897,0,34082,1,1,0,27929,3,1,1,0,"Active","Active","Stream Beat","Stream Beat"
898,898,0,35374,1,1,0,29448,3,1,1,0,"Active","Active","Stream Beat","Stream Beat"
899,899,0,32768,1,1,0,30232,3,1,1,0,"Active","Active","Stream Beat","Stream Beat"
900,900,0,35362,1,1,0,34076,3,1,1,0,"Active","Active","Stream Beat","Stream Beat"
901,901,0,32905,1,1,0,35282,3,1,1,0,"Active","Active","Stream Beat","Stream Beat"
902,902,0,42024,1,1,0,31212,3,1,1,0,"Active","Active","Stream Beat","Stream Beat"
903,903,0,60269,1,1,0,17175,3,1,1,0,"Active","Active","Stream Beat","Stream Beat"
904,904,0,41213,1,1,0,5510,3,1,1,0,"Active","Active","Stream Beat","Stream Beat"
905,905,0,25918,1,0,0,15721,3,1,1,0,"_","Active","_","Stream Beat"
906,906,0,25918,1,0,0,9539,3,1,0,0,"_","_","_","_"
907,907,0,25918,1,0,0,9539,3,1,0,0,"_","_","_","_"
908,908,0,25918,1,0,0,9539,3,1,0,0,"_","_","_","_"
909,909,0,25918,1,0,0,9539,3,1,0,0,"_","_","_","_"
910,910,0,25918,1,0,0,9539,3,1,0,0,"_","_","_","_"
911,911,0,25918,1,1,0,9539,3,1,0,0,"Active","_","Stream Beat","_"
912,912,0,4678,1,1,0,9539,3,1,1,0,"Active","Active","Stream Beat","Stream Beat"
913,913,0,0,0,1,0,8827,3,1,1,0,"_","Active","_","Stream Beat"
914,914,0,0,0,1,0,9166,3,1,1,0,"_","Active","_","Stream Beat"
915,915,0,0,0,1,0,11720,3,1,1,0,"_","Active","_","Stream Beat"
916,916,0,0,0,1,0,9018,3,1,1,0,"_","Active","_","Stream Beat"
917,917,0,0,0,1,0,14746,3,1,1,0,"_","Active","_","Stream Beat"
918,918,0,0,0,1,0,14746,3,1,1,0,"_","Active","_","Stream Beat"
919,919,0,38581,1,1,0,9018,3,1,1,0,"Active","Active","Stream Beat","Stream Beat"
920,920,0,39866,1,1,0,11720,3,1,1,0,"Active","Active","Stream Beat","Stream Beat"
921,921,0,36790,1,1,0,16965,3,1,1,0,"Active","Active","Stream Beat","Stream Beat"
922,922,0,35434,1,1,0,21525,3,1,1,0,"Active","Active","Stream Beat","Stream Beat"
923,923,0,36965,1,1,0,23784,3,1,1,0,"Active","Active","Stream Beat","Stream Beat"
924,924,0,37355,1,1,0,23784,3,1,1,0,"Active","Active","Stream Beat","Stream Beat"
925,925,0,34816,1,1,0,21525,3,1,1,0,"Active","Active","Stream Beat","Stream Beat"
926,926,0,28280,1,1,0,16965,3,1,1,0,"Active","Active","Stream Beat","Stream Beat"
927,927,0,20228,1,1,0,23027,3,1,1,0,"Active","Active","Stream Beat","Stream Beat"
928,928,0,22941,1,1,0,35950,3,1,1,0,"Active","Active","Stream Beat","Stream Beat"
929,929,0,22139,1,1,0,39677,3,1,1,0,"Active","Active","Stream Beat","Stream Beat"
930,930,0,22365,1,1,0,38076,3,1,1,0,"Active","Active","Stream Beat","Stream Beat"
931,931,0,24267,1,1,0,23887,3,1,1,0,"Active","Active","Stream Beat","Stream Beat"
932,932,0,25086,1,1,0,11653,3,1,1,0,"Active","Active","Stream Beat","Stream Beat"
933,933,0,26641,1,1,0,14384,3,1,1,0,"Active","Active","Stream Beat","Stream Beat"
934,934,0,27574,1,1,0,24752,3,1,1,0,"Active","Active","Stream Beat","Stream Beat"
935,935,0,27647,1,1,0,19629,3,1,1,0,"Active","Active","Stream Beat","Stream Beat"
936,936,0,27701,1,1,0,26410,3,1,1,0,"Active","Active","Stream Beat","Stream Beat"
937,937,0,27649,1,1,0,30763,3,1,1,0,"Active","Active","Stream Beat","Stream Beat"
938,938,0,26994,1,1,0,28499,3,1,1,0,"Active","Active","Stream Beat","Stream Beat"
939,939,0,28499,1,1,0,31097,3,1,1,0,"Active","Active","Stream Beat","Stream Beat"
940,940,0,28353,1,1,0,28748,3,1,1,0,"Active","Active","Stream Beat","Stream Beat"
941,941,0,28702,1,1,0,22773,3,1,1,0,"Active","Active","Stream Beat","Stream Beat"
942,942,0,27723,1,1,0,27304,3,1,1,0,"Active","Active","Stream Beat","Stream Beat"
943,943,0,32406,1,1,0,26679,3,1,1,0,"Active","Active","Stream Beat","Stream Beat"
944,944,0,28293,1,1,0,23014,3,1,1,0,"Active","Active","Stream Beat","Stream Beat"
945,945,0,32654,1,1,0,27612,3,1,1,0,"Active","Active","Stream Beat","Stream Beat"
946,946,0,37016,1,1,0,22042,3,1,1,0,"Active","Active","Stream Beat","Stream Beat"
947,947,0,35023,1,1,0,33896,3,1,1,0,"Active","Active","Stream Beat","Stream Beat"
948,948,0,35226,1,1,0,22363,3,1,1,0,"Active","Active","Stream Beat","Stream Beat"
949,949,0,39466,1,1,0,27586,3,1,1,0,"Active","Active","Stream Beat","Stream Beat"
950,950,0,39195,1,1,0,28270,3,1,1,0,"Active","Active","Stream Beat","Stream Beat"
951,951,0,35508,1,1,0,33165,3,1,1,0,"Active","Active","Stream Beat","Stream Beat"
952,952,0,29139,1,1,0,35155,3,1,1,0,"Active","Active","Stream Beat","Stream Beat"
953,953,0,26788,1,1,0,50628,3,1,1,0,"Active","Active","Stream Beat","Stream Beat"
954,954,0,26386,1,1,0,39861,3,1,1,0,"Active","Active","Stream Beat","Stream Beat"
955,955,0,27818,1,1,0,43898,3,1,1,0,"Active","Active","Stream Beat","Stream Beat"
956,956,0,25893,1,1,0,38809,3,1,1,0,"Active","Active","Stream Beat","Stream Beat"
957,957,0,25537,1,1,0,48428,3,1,1,0,"Active","Active","Stream Beat","Stream Beat"
958,958,0,25760,1,1,0,49480,3,1,1,0,"Active","Active","Stream Beat","Stream Beat"
959,959,0,25376,1,1,0,46384,3,1,1,0,"Active","Active","Stream Beat","Stream Beat"
960,960,0,27942,1,1,0,59389,3,1,1,0,"Active","Active","Stream Beat","Stream Beat"
961,961,0,33727,1,1,0,45140,3,1,1,0,"Active","Active","Stream Beat","Stream Beat"
962,962,0,35282,1,1,0,26485,3,1,1,0,"Active","Active","Stream Beat","Stream Beat"
963,963,0,35344,1,1,0,16492,3,1,1,0,"Active","Active","Stream Beat","Stream Beat"
964,964,0,34219,1,1,0,18343,3,1,1,0,"Active","Active","Stream Beat","Stream Beat"
965,965,0,35341,1,1,0,25979,3,1,1,0,"Active","Active","Stream Beat","Stream Beat"
966,966,0,33057,1,1,0,37545,3,1,1,0,"Active","Active","Stream Beat","Stream Beat"
967,967,0,34941,1,1,0,27660,3,1,1,0,"Active","Active","Stream Beat","Stream Beat"
968,968,0,32477,1,1,0,41353,3,1,1,0,"Active","Active","Stream Beat","Stream Beat"
969,969,0,34419,1,1,0,21554,3,1,1,0,"Active","Active","Stream Beat","Stream Beat"
970,970,0,33176,1,1,0,12848,3,1,1,0,"Active","Active","Stream Beat","Stream Beat"
971,971,0,33417,1,1,0,28518,3,1,1,0,"Active","Active","Stream Beat","Stream Beat"
972,972,0,37611,1,1,0,31230,3,1,1,0,"Active","Active","Stream Beat","Stream Beat"
973,973,0,46161,1,1,0,37196,3,1,1,0,"Active","Active","Stream Beat","Stream Beat"
974,974,0,56529,1,1,0,33360,3,1,1,0,"Active","Active","Stream Beat","Stream Beat"
975,975,0,28341,1,1,0,32416,3,1,1,0,"Active","Active","Stream Beat","Stream Beat"
976,976,0,19785,1,1,0,28067,3,1,1,0,"Active","Active","Stream Beat","Stream Beat"
977,977,0,5957,1,1,0,31769,3,1,1,0,"Active","Active","Stream Beat","Stream Beat"
978,978,0,7760,1,1,0,23289,3,1,1,0,"Active","Active","Stream Beat","Stream Beat"
979,979,0,9549,1,1,0,1364,3,1,1,0,"Active","Active","Stream Beat","Stream Beat"
980,980,0,9516,1,1,0,0,3,1,1,0,"Active","Active","Stream Beat","Stream Beat"
981,981,0,7060,1,1,0,4531,3,1,1,0,"Active","Active","Stream Beat","Stream Beat"
982,982,0,4423,1,1,0,5567,3,1,1,0,"Active","Active","Stream Beat","Stream Beat"
983,983,0,0,0,1,0,599,3,1,1,0,"_","Active","_","Stream Beat"
984,984,0,0,0,1,0,4944,3,1,1,0,"_","Active","_","Stream Beat"
985,985,0,0,0,1,0,3243,3,1,1,0,"_","Active","_","Stream Beat"
986,986,0,0,0,1,0,12312,3,1,1,0,"_","Active","_","Stream Beat"
987,987,0,0,0,1,0,34776,3,1,1,0,"_","Active","_","Stream Beat"
988,988,0,0,0,1,0,34776,3,1,1,0,"_","Active","_","Stream Beat"
989,989,0,39023,1,1,0,12312,3,1,1,0,"Active","Active","Stream Beat","Stream Beat"
990,990,0,40191,1,1,0,3243,3,1,1,0,"Active","Active","Stream Beat","Stream Beat"
991,991,0,32362,1,1,0,17010,3,1,1,0,"Active","Active","Stream Beat","Stream Beat"
992,992,0,34764,1,1,0,17028,3,1,1,0,"Active","Active","Stream Beat","Stream Beat"
993,993,0,37776,1,1,0,26715,3,1,1,0,"Active","Active","Stream Beat","Stream Beat"
994,994,0,36474,1,1,0,26715,3,1,1,0,"Active","Active","Stream Beat","Stream Beat"
995,995,0,34367,1,1,0,17028,3,1,1,0,"Active","Active","Stream Beat","Stream Beat"
996,996,0,30103,1,1,0,17010,3,1,1,0,"Active","Active","Stream Beat","Stream Beat"
997,997,0,20059,1,1,0,21949,3,1,1,0,"Active","Active","Stream Beat","Stream Beat"
998,998,0,19538,1,1,0,34309,3,1,1,0,"Active","Active","Stream Beat","Stream Beat"
999,999,0,20880,1,1,0,29873,3,1,1,0,"Active","Active","Stream Beat","Stream Beat"
1000,1000,0,21567,1,1,0,40359,3,1,1,0,"Active","Active","Stream Beat","Stream Beat"
1001,1001,0,22661,1,1,0,31910,3,1,1,0,"Active","Active","Stream Beat","Stream Beat"
1002,1002,0,25558,1,1,0,19790,3,1,1,0,"Active","Active","Stream Beat","Stream Beat"
1003,1003,0,26557,1,1,0,19867,3,1,1,0,"Active","Active","Stream Beat","Stream Beat"
1004,1004,0,26995,1,1,0,21413,3,1,1,0,"Active","Active","Stream Beat","Stream Beat"
1005,1005,0,27095,1,1,0,19523,3,1,1,0,"Active","Active","Stream Beat","Stream Beat"
1006,1006,0,25910,1,1,0,16723,3,1,1,0,"Active","Active","Stream Beat","Stream Beat"
1007,1007,0,26575,1,1,0,26497,3,1,1,0,"Active","Active","Stream Beat","Stream Beat"
1008,1008,0,27470,1,1,0,24950,3,1,1,0,"Active","Active","Stream Beat","Stream Beat"
1009,1009,0,27877,1,1,0,30390,3,1,1,0,"Active","Active","Stream Beat","Stream Beat"
1010,1010,0,27220,1,1,0,23772,3,1,1,0,"Active","Active","Stream Beat","Stream Beat"
1011,1011,0,29418,1,1,0,25236,3,1,1,0,"Active","Active","Stream Beat","Stream Beat"
1012,1012,0,29466,1,1,0,22666,3,1,1,0,"Active","Active","Stream Beat","Stream Beat"
1013,1013,0,30071,1,1,0,22202,3,1,1,0,"Active","Active","Stream Beat","Stream Beat"
1014,1014,0,32767,1,1,0,22550,3,1,1,0,"Active","Active","Stream Beat","Stream Beat"
1015,1015,0,31486,1,1,0,17809,3,1,1,0,"Active","Active","Stream Beat","Stream Beat"
1016,1016,0,34451,1,1,0,21006,3,1,1,0,"Active","Active","Stream Beat","Stream Beat"
1017,1017,0,36073,1,1,0,31530,3,1,1,0,"Active","Active","Stream Beat","Stream Beat"
1018,1018,0,37703,1,1,0,25925,3,1,1,0,"Active","Active","Stream Beat","Stream Beat"
1019,1019,0,39499,1,1,0,27469,3,1,1,0,"Active","Active","Stream Beat","Stream Beat"
1020,1020,0,45872,1,1,0,28584,3,1,1,0,"Active","Active","Stream Beat","Stream Beat"
1021,1021,0,47436,1,1,0,31150,3,1,1,0,"Active","Active","Stream Beat","Stream Beat"
1022,1022,0,45225,1,1,0,30312,3,1,1,0,"Active","Active","Stream Beat","Stream Beat"
1023,1023,0,30877,1,1,0,36248,3,1,1,0,"Active","Active","Stream Beat","Stream Beat"
